size_sqm,bedrooms,location,price
139.87,5,Suburban,323034.13
114.47,4,Downtown,448410.0
145.91,5,Industrial,262857.31
180.92,7,Suburban,421856.39
110.63,5,Downtown,442113.53
110.63,4,Industrial,197625.78
183.17,8,City Center,624604.54
150.7,6,Suburban,369258.78
101.22,4,City Center,353093.07
141.7,6,Rural,199065.4
101.46,5,Industrial,198151.94
101.37,4,Industrial,186266.21
129.68,5,Suburban,315132.98
43.47,2,Industrial,92562.19
51.0,2,Rural,79072.29
97.51,4,Industrial,178345.75
79.49,2,Downtown,306273.64
132.57,6,City Center,451867.68
83.68,3,Rural,120250.04
63.51,3,Rural,86289.85
178.63,7,City Center,599977.85
110.97,4,City Center,374607.84
122.7,5,Rural,178226.13
63.01,2,City Center,217486.22
98.22,5,Suburban,236546.38
124.44,4,City Center,412793.71
73.96,2,Downtown,272324.9
135.03,5,Downtown,514384.72
95.97,4,Suburban,229711.9
108.33,4,City Center,355679.75
95.93,3,Downtown,371853.07
194.09,8,Industrial,362268.69
119.46,5,City Center,410694.33
77.69,3,Suburban,181260.13
152.9,6,City Center,521773.39
71.17,4,Rural,115799.25
128.35,6,Rural,194112.54
41.61,1,Downtown,163071.18
66.87,3,Rural,97929.56
127.87,5,Suburban,296602.9
149.54,6,Downtown,579123.32
126.85,4,Suburban,285735.46
115.37,5,Suburban,276113.14
107.96,4,Rural,140505.85
60.86,3,Rural,87948.12
91.21,4,Suburban,229035.46
101.57,3,Rural,138447.45
162.28,6,Rural,224327.89
133.74,6,Rural,184780.73
49.48,2,City Center,178088.18
132.96,6,Suburban,322048.72
104.6,4,Industrial,201473.06
92.92,4,Suburban,231535.24
144.47,6,Downtown,571784.68
161.24,6,Rural,222931.98
157.25,6,Rural,219305.2
86.43,4,Industrial,161413.95
107.63,4,Downtown,411418.27
133.25,5,City Center,448104.61
159.02,6,Suburban,387433.61
100.83,4,City Center,333755.09
112.57,5,Downtown,444150.74
75.75,3,Industrial,138970.9
72.15,2,Downtown,276794.07
152.5,6,Industrial,279500.55
174.25,7,City Center,599840.8
117.12,5,City Center,397774.79
160.14,7,Downtown,627444.61
134.47,5,Downtown,522957.04
94.2,4,Rural,125908.21
134.46,5,Industrial,254460.74
181.52,7,Rural,249829.46
118.57,5,Suburban,287806.92
182.59,7,Suburban,440549.49
30.0,1,Downtown,120329.0
152.88,6,City Center,522510.3
123.48,5,Suburban,303542.77
108.04,5,Suburban,260793.41
123.67,5,Rural,174334.43
40.5,2,Rural,66250.24
111.21,4,Suburban,264747.25
134.28,5,Downtown,524625.76
179.12,7,Rural,256773.76
99.27,3,Suburban,222247.38
87.66,4,City Center,293318.77
99.93,5,Rural,146690.72
156.62,6,Suburban,383127.17
133.15,6,Industrial,254000.07
98.81,4,Rural,140300.59
140.53,5,Industrial,268836.05
123.88,4,Rural,160645.1
158.75,6,Rural,217579.8
91.92,3,Industrial,172234.81
106.89,5,Downtown,423999.3
104.32,4,Suburban,256184.35
61.46,2,Downtown,233280.91
131.84,6,Downtown,528141.84
130.44,5,Suburban,312217.42
120.2,4,City Center,408563.61
110.62,4,Downtown,428513.8
63.39,3,Downtown,249664.1
103.17,4,Downtown,403258.65
106.29,4,City Center,367468.26
87.91,4,Rural,129252.91
113.55,5,Industrial,226509.86
136.16,6,Industrial,266094.05
195.45,7,City Center,653572.31
126.98,5,Downtown,493243.89
130.3,5,Industrial,251248.02
117.02,5,City Center,393009.49
43.25,1,Suburban,100513.3
118.94,6,Industrial,236757.17
122.41,5,Suburban,296568.42
218.53,8,Downtown,840238.9
112.31,4,Industrial,215097.34
132.06,6,City Center,465679.68
118.61,6,Rural,177854.53
73.25,3,Industrial,146152.32
165.71,6,Industrial,303601.37
150.08,6,Industrial,281376.98
151.64,5,Industrial,286262.92
83.62,3,City Center,289513.51
176.11,7,City Center,590969.32
63.93,3,Rural,85816.96
143.47,6,City Center,500270.85
207.62,8,City Center,703537.68
80.38,3,Downtown,311291.91
97.35,4,Downtown,382846.32
123.99,5,Suburban,295398.11
99.86,4,Rural,131830.97
57.97,3,Downtown,229678.12
122.74,5,Rural,173426.52
77.51,3,Rural,110364.85
138.94,6,Industrial,275447.55
83.22,3,Rural,113055.03
182.0,7,Industrial,347636.06
88.67,4,Suburban,219965.74
107.12,5,Suburban,272720.08
152.54,6,Suburban,368504.38
70.77,3,Industrial,142950.14
129.1,5,Industrial,249980.6
172.29,7,Suburban,406923.42
55.7,3,Industrial,105302.01
127.39,5,City Center,441197.06
130.4,6,City Center,453352.94
151.27,6,Industrial,282433.37
70.52,3,Industrial,144517.96
67.18,3,Downtown,270319.07
140.88,6,Downtown,560744.82
131.88,5,Rural,183194.39
130.02,6,Rural,182721.71
133.86,5,Rural,182692.93
92.8,4,Suburban,234887.02
129.29,5,City Center,442412.44
131.72,5,Suburban,315704.8
91.43,4,Industrial,170060.91
194.63,8,Downtown,757862.43
138.95,7,Industrial,270450.98
72.35,3,Industrial,142476.79
146.26,5,Downtown,567633.51
81.01,3,Industrial,152829.1
151.48,5,Rural,208003.38
166.34,7,Downtown,646428.38
87.17,3,Industrial,159968.06
158.54,7,Rural,230427.05
136.51,6,Rural,202234.24
152.88,6,City Center,521366.22
195.87,8,Rural,269011.72
110.18,4,Suburban,262089.95
89.85,3,Downtown,337063.94
84.42,4,Downtown,336041.98
87.37,3,Downtown,332455.56
116.92,4,Industrial,224362.9
133.65,5,Industrial,245473.12
131.07,6,Suburban,326436.26
153.09,7,Rural,221487.33
120.52,4,Industrial,218284.11
178.14,6,Rural,231951.36
109.41,4,Rural,145493.73
228.81,8,Industrial,420618.15
145.03,6,Industrial,271693.04
85.71,3,Suburban,202482.4
77.16,3,City Center,271252.9
139.3,6,Downtown,555298.14
111.06,5,Industrial,210392.23
148.56,5,Industrial,263877.03
138.93,5,Rural,179921.5
117.09,5,City Center,395770.53
86.13,3,Industrial,149585.38
59.41,3,City Center,206223.33
102.14,4,Downtown,404228.91
154.26,6,Rural,221820.95
128.56,5,Suburban,303944.5
70.17,3,Downtown,267661.57
126.93,4,City Center,422875.71
135.41,5,City Center,460117.09
84.65,4,Downtown,337869.96
126.15,5,City Center,437960.01
122.33,4,Suburban,274810.7
74.28,3,Suburban,178308.38
134.31,5,City Center,451612.48
142.43,5,City Center,473588.14
163.32,7,Suburban,396218.1
162.15,7,City Center,548871.25
64.89,4,Industrial,143318.84
82.49,4,Rural,113557.0
140.6,6,Industrial,279540.12
140.55,5,City Center,476439.31
140.6,5,City Center,478111.72
274.11,8,Rural,354176.26
142.84,6,City Center,486313.86
165.42,6,Rural,233996.63
158.16,6,Suburban,373718.14
146.06,6,Rural,208257.65
107.39,4,Rural,140361.23
150.36,6,Industrial,293436.15
89.09,4,City Center,308572.97
110.53,4,Suburban,264681.51
100.59,4,Downtown,383394.1
123.27,4,Rural,171575.97
212.59,8,Downtown,821693.2
45.31,2,City Center,161027.18
147.45,6,Rural,210835.41
55.49,2,Downtown,212863.78
101.12,6,Industrial,203295.09
163.56,6,Downtown,640915.08
122.57,5,Industrial,234629.8
76.89,3,Suburban,192228.42
91.39,4,City Center,309942.55
147.18,6,Downtown,574593.68
90.79,5,Rural,137935.33
128.66,5,City Center,442712.03
121.82,4,Downtown,468972.06
93.94,4,Rural,137796.99
205.76,8,Rural,285512.76
145.36,7,Rural,206067.76
38.99,1,Rural,52700.3
127.46,6,Downtown,507027.6
93.53,4,Suburban,230130.08
154.1,7,Industrial,307067.0
88.3,3,Industrial,170261.76
115.41,4,Industrial,209559.81
140.2,6,Suburban,341082.98
154.63,7,Rural,218050.21
71.99,3,Rural,94056.14
106.62,4,City Center,357018.85
101.0,4,Industrial,186309.28
93.87,3,Industrial,167644.25
190.62,8,Rural,272301.17
136.2,6,Industrial,273913.9
69.56,2,Rural,82470.64
156.71,6,Rural,226649.48
204.89,8,Rural,294693.25
161.3,6,Downtown,625662.14
59.23,2,Downtown,220953.2
100.63,3,Downtown,383829.23
170.68,7,Downtown,666715.56
91.69,3,Suburban,218884.44
137.75,5,City Center,461140.33
150.99,7,City Center,518245.09
82.92,4,Rural,126832.78
117.62,4,Industrial,214226.48
30.0,1,Downtown,108408.0
79.02,3,City Center,274618.48
109.9,5,City Center,387334.82
70.09,2,Downtown,269269.35
185.3,8,Suburban,444682.9
62.79,2,Suburban,146621.69
102.4,3,City Center,342556.66
125.23,5,Suburban,304242.25
177.65,8,Downtown,703172.26
62.57,4,City Center,220677.54
166.53,6,Downtown,640907.93
120.41,5,Suburban,284372.64
80.74,3,Downtown,315167.79
138.48,6,Suburban,345741.28
127.96,4,Suburban,294082.78
95.99,3,Downtown,356983.64
122.79,5,Suburban,299111.17
104.59,4,Rural,147459.46
124.54,5,Downtown,490093.43
146.49,6,Rural,206703.23
183.44,8,Downtown,715755.35
70.49,3,Suburban,178850.76
205.32,8,Suburban,488227.67
41.92,2,City Center,139871.46
113.93,4,City Center,381677.79
143.53,6,Rural,210370.69
131.24,5,Suburban,319780.35
95.09,4,City Center,319650.06
111.68,5,Suburban,263839.22
100.28,4,Downtown,381963.87
96.43,3,City Center,326620.23
153.98,6,Rural,205766.08
134.28,6,City Center,467800.86
92.28,4,Suburban,229109.23
155.98,6,Industrial,289958.99
132.29,6,Industrial,250306.97
152.51,6,Suburban,366524.97
145.19,6,Downtown,577176.04
86.84,3,City Center,287358.6
97.59,4,Industrial,189939.14
149.89,6,Downtown,580323.1
144.41,6,Suburban,351856.62
119.16,5,Downtown,468933.78
124.69,6,Suburban,305418.19
171.11,7,City Center,575144.79
96.34,3,Downtown,368734.01
141.88,5,City Center,485145.69
111.91,4,Downtown,437026.03
111.29,4,Suburban,265055.5
163.95,7,Suburban,391672.15
153.02,6,Downtown,585587.29
152.54,6,Suburban,364038.77
172.22,7,Rural,247721.15
120.84,5,Rural,169646.15
147.28,5,City Center,491030.36
107.59,4,Rural,139710.33
132.97,5,Rural,175975.65
114.79,5,Industrial,219930.42
123.88,5,Industrial,229878.76
143.81,5,Industrial,266994.42
87.27,4,Industrial,163816.76
203.7,8,Suburban,492064.98
79.76,3,City Center,277631.91
71.43,3,City Center,246458.37
166.32,6,Rural,227440.43
151.67,6,City Center,518050.52
144.96,6,Rural,212590.79
145.13,5,City Center,492497.46
119.51,5,Downtown,471339.45
84.11,3,Downtown,328454.39
123.03,5,City Center,418581.55
92.91,4,Suburban,235077.06
159.0,6,Rural,223417.79
114.12,4,City Center,384208.11
86.98,3,Rural,113133.11
107.14,4,Industrial,196303.85
136.52,5,City Center,458378.77
97.45,4,Suburban,231763.04
87.11,3,Industrial,161470.78
129.75,5,City Center,443221.47
129.8,4,Downtown,485592.32
99.72,4,City Center,343911.82
101.16,4,Downtown,384411.64
129.28,6,Downtown,518786.99
62.08,2,City Center,210662.88
63.7,1,City Center,207728.35
91.26,3,Downtown,350213.81
111.46,4,Rural,159672.11
132.44,6,Industrial,256769.45
179.01,7,Suburban,437970.5
154.31,6,City Center,516779.15
113.6,5,Industrial,222846.69
119.24,4,Industrial,213306.03
79.9,4,Rural,126419.83
119.26,4,Industrial,210856.21
108.45,4,City Center,361939.96
132.91,4,Industrial,234212.11
86.91,3,City Center,287899.29
140.77,6,City Center,479787.58
181.31,7,Downtown,706932.45
115.65,5,Rural,157668.59
136.07,5,Suburban,318310.94
147.61,6,Downtown,582309.16
103.95,3,Suburban,234994.36
128.96,6,City Center,456124.1
120.5,5,Downtown,479338.94
123.91,5,Industrial,236365.57
89.08,4,Industrial,165974.41
120.98,4,Suburban,290850.81
139.92,5,City Center,460092.79
178.05,7,Suburban,418653.49
158.37,6,Rural,223146.83
206.13,8,Industrial,380985.95
89.31,4,Downtown,357841.34
154.89,7,Downtown,602377.89
127.33,4,Downtown,479324.88
207.59,8,Industrial,391003.18
87.67,3,City Center,286241.21
86.41,3,Industrial,152947.69
96.02,4,Industrial,175063.44
35.04,1,Downtown,136853.6
98.97,5,Industrial,207004.7
89.63,4,Downtown,357004.43
126.02,5,City Center,430233.25
133.67,6,Rural,200523.24
195.05,7,Downtown,756444.92
158.02,6,Suburban,381153.91
96.92,3,Rural,122906.85
84.06,3,City Center,273283.24
139.68,6,Rural,194465.77
67.19,3,Downtown,258079.35
193.26,8,City Center,664886.05
167.18,6,Suburban,398687.21
101.23,4,Downtown,400879.41
51.47,2,Downtown,202420.17
174.15,7,City Center,591876.68
115.42,4,City Center,392261.22
169.51,7,Rural,239267.65
56.22,2,Suburban,127129.79
96.02,4,Rural,133879.0
120.21,5,Rural,166626.75
121.88,5,Downtown,484523.28
102.0,4,City Center,349119.14
144.91,6,Downtown,574995.99
77.3,2,Suburban,175288.37
114.3,5,Rural,171705.82
124.81,5,Suburban,305051.65
140.58,6,City Center,475386.66
148.46,6,City Center,510390.79
75.01,3,Industrial,146263.47
58.64,2,Suburban,136219.87
171.11,7,Downtown,670845.76
133.29,5,Suburban,321976.12
90.06,4,Rural,140028.54
182.05,7,City Center,622703.24
124.63,4,City Center,410709.96
167.17,6,Suburban,394830.77
122.7,4,Suburban,278068.48
202.43,8,Suburban,484850.83
190.21,7,Rural,266500.63
110.04,5,Rural,156214.43
158.86,6,Downtown,615710.93
145.82,6,Suburban,356838.08
174.75,7,Downtown,684843.42
81.4,4,Industrial,165767.59
147.44,6,Rural,206618.06
162.34,6,City Center,555758.94
49.65,1,Industrial,89547.63
72.67,3,City Center,243524.98
38.43,1,Industrial,77335.07
109.22,4,Downtown,430882.04
148.7,6,Downtown,586964.92
180.09,8,Rural,252714.28
122.96,5,City Center,426726.37
185.14,7,Industrial,346916.93
64.8,3,Suburban,161487.88
51.86,2,Suburban,133243.4
117.78,5,Rural,158474.09
135.36,5,City Center,448357.85
118.69,4,Suburban,276610.42
37.3,1,Rural,53362.32
116.44,4,Rural,156162.2
67.82,3,City Center,232468.66
146.79,6,Suburban,358657.8
134.66,5,Suburban,329122.86
82.4,4,Suburban,209625.62
99.45,4,Downtown,384775.63
77.63,2,Suburban,183690.92
117.49,4,Industrial,207355.25
158.21,6,Downtown,621259.92
80.57,4,Downtown,327177.35
140.16,5,Downtown,531554.51
98.79,4,Downtown,386421.93
88.29,4,Rural,123872.09
115.72,4,Industrial,221790.18
78.59,3,City Center,271573.92
97.85,3,Suburban,231979.06
72.08,3,Downtown,282566.1
198.59,8,City Center,671855.02
121.41,5,Rural,163755.54
92.01,4,City Center,315308.94
128.56,5,Downtown,500500.19
115.51,4,Industrial,206265.32
111.16,4,City Center,367918.65
144.57,6,Downtown,572203.34
150.3,6,Downtown,586738.08
98.78,4,Suburban,241706.91
96.97,4,Suburban,237547.54
109.0,5,Industrial,218712.9
30.0,1,Suburban,66628.0
59.39,2,Industrial,99164.54
174.67,7,Rural,240426.97
185.8,7,Rural,264744.71
110.04,5,Suburban,278033.12
143.06,6,Rural,208056.28
132.45,5,City Center,443320.02
243.16,8,City Center,807417.7
164.78,7,City Center,566210.99
114.88,6,Rural,167994.3
81.78,3,City Center,268072.15
55.74,2,Industrial,103157.22
128.14,5,Downtown,493133.91
89.75,2,Suburban,193359.94
63.11,3,Industrial,134185.78
94.14,4,City Center,320235.25
76.74,3,Downtown,296382.28
187.49,7,Suburban,454841.33
155.27,6,Industrial,295277.39
119.68,5,Suburban,296748.19
179.2,8,Rural,257811.77
123.09,5,City Center,420385.2
85.55,4,Industrial,166228.95
180.92,7,Industrial,336746.44
141.56,5,Downtown,545062.41
78.51,3,Downtown,312802.54
112.39,4,Downtown,425105.59
84.98,2,Suburban,193431.54
64.69,3,City Center,228194.03
157.05,7,Suburban,385208.2
196.38,8,City Center,669625.0
64.06,3,Industrial,116231.95
142.52,5,Suburban,332544.54
93.97,4,Suburban,234648.59
100.51,4,Suburban,247006.97
96.3,3,Rural,125101.24
85.44,2,City Center,275087.11
121.94,5,City Center,406999.6
86.76,3,Suburban,205041.99
130.82,5,Rural,174240.27
117.99,5,Suburban,278574.95
110.44,5,City Center,382400.23
83.7,3,Industrial,162694.18
96.93,4,Rural,138321.15
150.22,5,Rural,190650.65
140.04,6,Suburban,333424.38
80.9,4,Industrial,162515.69
123.97,4,City Center,421233.88
150.06,5,Downtown,581712.2
53.22,2,City Center,178666.37
141.73,5,City Center,467569.22
93.5,4,Industrial,182609.57
142.82,5,Rural,194277.95
89.47,3,City Center,298076.9
47.8,2,Rural,61219.72
54.9,3,Industrial,112579.45
121.92,5,Industrial,240275.1
130.39,5,Suburban,305468.8
83.83,3,Downtown,321064.67
145.54,6,Industrial,286595.55
53.54,2,Industrial,109757.8
117.36,5,Rural,160104.81
71.56,3,Industrial,130000.03
93.93,4,City Center,331141.67
121.9,6,Suburban,308964.89
85.58,3,Suburban,202765.93
104.62,4,City Center,349960.33
160.25,6,Industrial,303075.57
96.92,4,Downtown,382544.14
153.43,7,Industrial,292802.53
74.81,4,Suburban,194756.45
141.19,6,Downtown,552382.58
177.66,7,Rural,241020.74
30.0,1,Rural,30275.0
88.12,3,Industrial,156264.28
143.08,7,Industrial,285761.33
111.88,5,Downtown,436271.65
134.85,5,Downtown,512324.42
95.84,4,Industrial,183925.89
123.46,4,Suburban,277721.18
113.77,5,Rural,167418.91
166.71,7,Downtown,649359.49
130.18,6,Suburban,310942.67
133.5,5,Industrial,244569.16
103.52,3,City Center,346785.76
100.5,4,Downtown,389112.13
102.7,5,City Center,356954.02
135.78,5,Suburban,329377.17
103.16,5,Rural,156112.62
131.59,5,Suburban,312228.99
203.02,8,Rural,277049.03
154.84,6,Suburban,377966.98
106.96,5,Downtown,432582.71
168.05,7,Downtown,664879.95
103.68,4,City Center,359814.96
38.48,2,Suburban,91228.04
79.68,4,Suburban,196853.1
45.17,2,City Center,149519.97
105.94,4,Industrial,197151.19
120.74,5,Suburban,289299.47
187.06,7,Suburban,443315.98
133.08,5,Suburban,326095.19
111.24,4,Industrial,211958.97
153.18,6,Downtown,586269.78
31.55,1,City Center,103436.76
129.42,5,Industrial,251307.87
150.83,6,Rural,205720.61
60.86,2,Rural,90621.55
165.75,7,Industrial,310892.24
133.54,6,Industrial,251279.78
103.39,5,Downtown,410698.69
145.31,7,Rural,219124.27
210.83,8,City Center,719812.14
127.27,6,Suburban,318999.3
129.93,5,Suburban,305475.65
101.63,4,Downtown,387184.47
86.01,2,Downtown,313068.79
153.21,7,Rural,222577.43
85.76,4,City Center,300360.94
122.86,5,City Center,411473.95
100.89,4,Industrial,196501.55
139.16,5,Downtown,531215.18
133.35,6,Suburban,336537.97
161.5,7,Suburban,389736.2
99.6,3,Rural,121256.34
109.21,5,Suburban,263453.01
80.85,3,City Center,268908.35
102.23,4,City Center,353546.81
135.09,6,Downtown,532151.07
150.28,6,Rural,204322.54
83.11,3,Suburban,200468.77
154.78,6,Downtown,592341.83
174.23,7,Industrial,323662.27
136.54,6,Industrial,262105.09
195.07,8,Suburban,471374.67
89.05,3,Suburban,198665.86
70.21,3,Suburban,163755.62
48.85,2,City Center,173077.57
179.84,7,Suburban,422963.54
146.17,6,Industrial,288408.94
117.78,6,Suburban,289143.23
131.2,6,Rural,199620.75
74.98,3,Industrial,149928.66
217.83,8,Rural,301400.08
125.17,4,Industrial,219978.27
124.38,5,Downtown,490193.27
149.03,6,Industrial,283079.0
139.24,6,Industrial,268741.55
128.96,5,Rural,185702.36
88.38,3,Rural,121747.02
138.86,5,Industrial,263803.1
195.28,7,Industrial,363753.47
173.82,7,City Center,583480.41
183.73,8,Downtown,719731.13
99.55,4,Downtown,384586.81
80.42,3,Suburban,194499.61
114.97,5,Industrial,229453.78
122.23,4,Industrial,231709.49
163.77,7,Industrial,305844.49
52.3,2,Industrial,96616.12
181.18,8,Downtown,705256.04
113.68,5,Rural,167030.68
102.92,4,City Center,345314.27
79.52,3,Rural,111909.82
53.81,3,Rural,90715.73
152.93,7,Downtown,610103.88
122.93,4,City Center,404643.16
68.4,3,Industrial,130573.35
68.2,3,Downtown,277745.97
106.57,5,Downtown,427143.14
186.76,7,City Center,623808.58
109.62,3,Suburban,240866.69
59.87,3,Downtown,240760.99
110.17,5,Rural,150263.28
109.09,3,Rural,148841.06
30.0,1,Industrial,52716.0
117.83,5,Downtown,466729.72
110.76,5,Industrial,225473.93
147.85,6,Downtown,583940.89
193.96,8,City Center,666115.73
165.06,7,Downtown,656653.1
109.24,4,Suburban,259494.9
75.74,4,Rural,112095.96
222.93,8,City Center,740248.18
122.37,4,Rural,158703.74
120.56,5,Industrial,239049.76
119.03,5,City Center,414042.99
127.92,6,Suburban,317802.78
114.23,4,Rural,163043.58
97.05,4,Downtown,376606.32
98.13,3,Downtown,369032.75
118.69,5,Downtown,472000.54
98.26,3,City Center,321942.03
91.49,3,Suburban,207514.34
124.26,4,Suburban,294706.42
109.8,5,Suburban,273004.82
180.16,8,Rural,263224.72
30.0,1,City Center,99878.0
163.66,7,Downtown,633638.96
169.84,8,Rural,247013.41
37.06,2,Suburban,102534.78
106.29,4,Downtown,411772.74
105.14,6,City Center,378643.1
63.7,2,Industrial,116598.3
88.89,4,Suburban,214559.66
75.58,3,Suburban,180151.93
190.09,8,Suburban,454836.64
157.43,6,Suburban,383312.27
170.86,7,Downtown,664935.71
148.87,5,City Center,490036.65
74.84,3,Rural,99709.93
99.02,3,Downtown,366927.16
139.57,6,City Center,480633.95
71.11,3,Rural,95713.89
148.52,5,Suburban,347207.87
110.39,5,City Center,377891.95
105.01,4,Suburban,242091.34
148.44,5,City Center,499065.2
137.77,5,Industrial,265212.8
105.56,4,Suburban,245813.71
166.37,6,Suburban,400519.38
76.76,3,Suburban,177028.93
144.64,5,Downtown,549149.98
143.72,7,Rural,220109.05
107.62,5,Suburban,273553.28
133.05,5,Suburban,306483.64
69.96,2,Downtown,268301.1
156.96,6,Downtown,599892.78
112.6,5,Industrial,221116.87
99.09,4,City Center,333768.24
161.96,6,Suburban,380873.74
91.83,4,City Center,324534.76
63.66,2,Downtown,234528.42
57.73,2,Downtown,212706.92
144.24,5,Industrial,271553.6
68.78,3,Rural,103415.83
190.19,8,Downtown,744980.19
36.72,1,Suburban,89223.65
187.86,8,Industrial,359232.38
128.44,5,Rural,180855.7
116.13,4,Industrial,218478.21
98.2,4,Downtown,380313.33
135.97,6,Rural,186002.44
118.49,5,City Center,405307.84
164.13,6,Rural,217907.08
124.57,5,Suburban,299693.21
126.01,5,City Center,423156.21
105.46,4,City Center,361044.53
117.72,4,Suburban,282869.35
132.31,5,City Center,441651.21
51.59,3,Downtown,201970.43
66.07,2,Rural,78941.58
149.73,6,Rural,203406.56
126.83,5,Suburban,297390.24
112.64,4,Downtown,429932.33
120.74,4,City Center,398030.07
133.9,5,Rural,174137.27
98.41,4,Rural,131549.61
88.87,4,Rural,127505.81
127.83,5,Rural,180730.81
80.87,3,Industrial,158680.63
136.33,6,Suburban,340378.22
51.9,2,City Center,174014.97
161.17,6,City Center,544122.68
138.9,5,Suburban,323897.8
130.24,5,Downtown,507221.16
159.31,7,Suburban,396110.28
186.62,7,Rural,261488.98
160.57,6,Rural,229874.8
46.37,2,Suburban,104833.06
68.82,2,Suburban,152758.84
95.01,4,City Center,321611.77
121.04,4,City Center,403342.93
140.71,5,Industrial,260659.54
90.97,4,Industrial,169376.37
127.47,5,Rural,172204.67
89.78,4,Industrial,184434.02
95.54,4,Industrial,189345.93
63.73,2,Downtown,233903.45
83.07,3,Suburban,198235.34
65.93,2,City Center,216825.85
80.97,4,Industrial,162196.6
162.15,6,City Center,551869.02
82.02,3,Industrial,154087.07
225.3,8,Industrial,423528.92
139.73,6,Rural,195044.72
127.39,5,Downtown,489699.06
85.67,3,Suburban,202953.38
148.01,6,Suburban,362123.79
96.97,4,Rural,144162.49
124.88,5,Rural,165955.39
222.4,8,Suburban,528869.76
116.16,4,Suburban,278698.21
165.97,7,Downtown,650503.27
91.87,4,Industrial,172261.41
118.6,5,Downtown,473148.61
190.83,8,Suburban,463962.05
94.92,4,Industrial,184749.98
192.5,7,Suburban,452423.88
148.31,7,Downtown,597522.27
97.5,4,Downtown,387071.65
145.3,6,Downtown,560957.08
158.9,6,Industrial,307265.27
144.87,6,City Center,488934.2
57.19,2,City Center,189985.03
90.91,4,Suburban,228150.03
110.1,4,Industrial,195375.88
117.02,5,Rural,175743.66
144.83,6,City Center,495936.65
127.11,4,Industrial,221617.06
66.59,2,Industrial,127760.34
135.21,6,City Center,465095.74
144.42,7,Industrial,278613.14
142.39,6,Industrial,281500.43
163.23,7,City Center,562368.69
153.36,6,Downtown,605795.1
138.37,7,Suburban,352862.41
117.19,4,Rural,162861.37
53.56,2,Suburban,124568.13
137.18,5,Downtown,524430.55
128.31,4,Downtown,496661.28
130.86,5,Industrial,243425.73
68.93,3,Suburban,168474.11
76.76,3,Downtown,289411.08
162.13,6,Suburban,387936.23
118.42,6,Downtown,474142.28
147.26,6,Rural,201631.03
121.13,5,Downtown,476615.57
121.19,5,Suburban,284045.49
157.53,6,Industrial,293215.03
99.36,4,Suburban,238910.42
123.84,5,City Center,422747.49
101.51,5,Suburban,258762.98
102.62,5,Rural,150256.15
107.63,4,Rural,155382.12
128.89,4,Rural,166229.35
100.85,4,Downtown,386176.19
170.23,8,Rural,244982.25
84.22,3,Suburban,198006.42
112.53,5,Industrial,219114.7
102.41,5,Rural,158301.76
177.88,7,Suburban,428787.23
127.86,5,Downtown,493608.67
161.27,5,Downtown,622363.24
60.58,3,Industrial,126732.38
130.68,5,Industrial,243544.02
155.59,6,Suburban,376580.46
123.29,4,Industrial,232944.04
162.62,6,Industrial,313446.82
99.31,4,Downtown,383399.62
176.37,7,Suburban,424200.8
211.96,8,Industrial,392629.89
105.49,5,Suburban,252839.92
102.18,4,Rural,147902.9
178.14,6,Downtown,692680.83
183.18,7,Downtown,712957.1
99.09,4,Downtown,376967.6
103.19,4,City Center,349790.58
108.73,5,Suburban,272680.23
66.22,3,Rural,97673.98
83.25,3,Industrial,152907.88
79.83,3,Rural,116125.37
89.29,4,Suburban,219217.19
118.61,5,Downtown,455368.12
129.37,5,City Center,436854.77
182.02,6,Suburban,420622.04
80.07,4,Suburban,191704.68
159.37,6,Industrial,297636.34
111.44,4,Rural,150152.45
118.02,5,Rural,164784.45
146.99,5,Industrial,272653.17
75.09,2,City Center,240490.36
135.3,4,Downtown,523063.36
126.66,5,Downtown,499575.31
139.7,5,City Center,471828.15
131.57,7,Industrial,268703.12
218.21,8,Suburban,509925.01
94.49,3,Rural,128020.4
98.76,4,Suburban,239914.24
95.07,4,Rural,126573.38
97.78,4,Suburban,235230.83
94.5,4,Industrial,182275.77
167.56,6,Industrial,314579.99
176.82,6,City Center,598588.51
97.17,3,Suburban,216379.3
86.71,2,Suburban,191722.55
138.86,5,City Center,460426.87
97.91,4,City Center,328683.23
145.32,5,Industrial,273416.91
128.12,6,Industrial,254910.38
59.37,3,Suburban,140483.47
181.9,7,Industrial,346133.31
191.84,7,Industrial,367677.66
95.49,4,Suburban,230614.9
104.49,4,City Center,347091.81
131.43,5,Suburban,318252.23
133.38,5,Downtown,510717.95
146.34,6,Suburban,360791.54
200.41,8,Downtown,777655.64
112.92,4,Suburban,266308.22
88.07,4,Downtown,346085.39
64.83,3,Downtown,251176.31
90.76,3,Suburban,220109.6
118.67,5,Industrial,220155.38
191.78,7,Rural,266562.31
99.3,3,Industrial,172124.32
128.95,5,Downtown,510589.31
119.34,4,Suburban,275206.17
167.54,7,Suburban,408123.46
221.08,8,Suburban,524425.59
98.77,5,Suburban,255010.5
100.42,4,Rural,142921.42
161.77,6,City Center,544214.31
147.28,5,Downtown,571586.81
193.87,8,Rural,275299.29
143.36,5,Industrial,261953.69
105.63,4,City Center,355032.95
143.63,5,City Center,483916.58
164.35,6,Suburban,392501.29
152.82,6,Rural,222417.29
140.29,6,Industrial,268185.44
162.67,6,Suburban,378204.98
166.77,6,Suburban,388032.65
175.29,7,Downtown,678109.26
145.95,6,City Center,500818.19
113.32,4,Industrial,212083.92
125.87,6,City Center,433439.64
168.26,7,Rural,238172.36
87.32,4,Downtown,339028.01
134.75,5,Suburban,327734.86
104.27,3,Downtown,392536.57
121.15,5,Suburban,293256.59
171.14,7,Downtown,666714.26
127.64,5,Suburban,314067.93
121.86,5,City Center,421380.39
65.61,3,City Center,219078.26
149.85,5,City Center,501359.43
145.82,7,City Center,515154.1
206.53,8,Downtown,802911.66
107.69,5,Suburban,274066.74
128.77,5,City Center,445423.04
129.98,6,Downtown,524633.72
183.1,8,Suburban,437193.26
116.19,5,Downtown,461813.63
131.16,5,City Center,439835.58
144.32,6,Rural,213018.86
127.46,4,Downtown,479332.28
102.14,4,City Center,345702.97
127.76,5,Industrial,251610.4
162.95,7,Suburban,401764.54
78.94,3,City Center,259904.16
125.32,5,Industrial,243951.18
92.0,4,Downtown,369088.09
167.8,6,Downtown,652176.53
59.07,2,Industrial,99762.79
97.64,4,Industrial,192493.69
135.09,5,Suburban,317343.95
182.62,8,Downtown,709189.36
117.37,5,Industrial,223151.98
97.79,3,Rural,130957.02
195.25,7,Rural,273862.28
62.08,3,Industrial,124773.17
32.05,1,Suburban,81925.52
137.6,6,Downtown,547807.02
99.92,4,Rural,139574.83
79.15,4,Industrial,160685.03
148.33,5,Industrial,274320.39
129.75,6,City Center,442339.09
97.44,5,Industrial,195890.28
68.79,2,Suburban,154527.65
154.9,7,Rural,229535.29
146.01,6,City Center,497487.14
116.03,4,Rural,151423.97
193.87,8,Rural,278333.48
77.2,4,Suburban,199484.22
58.98,2,Industrial,113432.49
92.32,4,Suburban,223611.35
118.18,4,Industrial,215178.84
129.73,4,City Center,433676.73
110.35,4,Suburban,267567.12
134.08,5,Suburban,315601.43
69.94,2,Downtown,266155.48
177.75,8,Suburban,435274.17
116.71,5,Downtown,453701.84
164.69,7,Industrial,326782.75
133.71,5,Industrial,255993.52
138.27,6,Industrial,269867.19
142.79,5,Downtown,548800.42
137.91,7,Industrial,286780.51
145.71,5,Rural,203964.91
173.17,8,Suburban,432086.2
127.86,5,Downtown,507401.96
148.36,5,Industrial,265860.23
116.41,5,Rural,171389.57
177.6,7,Suburban,417937.38
92.94,4,Suburban,233226.62
192.04,8,Industrial,359651.43
118.39,5,Rural,160681.68
62.77,2,Downtown,236536.49
125.12,5,Industrial,235349.26
92.76,4,Suburban,232642.87
153.63,6,Suburban,375129.48
93.9,3,Suburban,214734.08
102.15,4,Industrial,195530.99
44.42,1,City Center,143435.11
101.91,5,City Center,345930.24
30.0,2,City Center,101083.0
56.64,2,Rural,85439.89
150.42,6,Industrial,278935.88
151.43,6,Suburban,361452.01
137.02,6,Rural,203610.3
81.32,4,City Center,287406.86
118.09,5,Downtown,472360.41
119.86,6,Rural,175705.9
73.67,3,Rural,112485.41
180.14,7,Industrial,342922.9
155.09,6,Rural,221611.49
111.16,5,Industrial,223764.15
121.08,5,Downtown,464992.02
128.34,5,Suburban,300689.62
38.33,2,Suburban,96143.21
110.11,4,City Center,374443.71
92.72,4,City Center,326741.89
79.94,4,Downtown,319668.2
108.76,4,Suburban,261646.98
191.91,8,City Center,661967.38
145.63,5,Rural,196020.71
97.15,4,Industrial,193088.26
142.9,5,City Center,483613.93
175.97,6,Downtown,672030.76
156.99,6,Suburban,364998.69
122.39,4,Downtown,475257.25
94.12,3,Industrial,163510.79
147.93,6,Industrial,290823.4
135.74,6,Downtown,542306.95
155.81,6,City Center,519906.19
145.41,5,City Center,478954.62
161.98,7,Suburban,393694.22
98.59,4,Suburban,237283.18
172.7,7,Rural,239999.76
127.9,5,Rural,171952.98
203.01,8,Suburban,490967.87
92.43,4,Rural,131927.49
189.44,8,Downtown,733426.93
127.92,5,City Center,435525.29
93.94,5,Rural,144810.28
100.64,4,Rural,133110.57
107.19,4,Downtown,406376.38
136.97,6,Industrial,270436.96
140.91,6,Suburban,350915.84
97.05,4,Downtown,370143.0
119.03,6,Industrial,238531.72
205.69,8,Downtown,801382.85
189.1,7,City Center,643840.18
137.45,6,Downtown,541546.31
121.52,5,Downtown,477686.49
124.8,4,City Center,406188.76
144.54,5,Suburban,335323.44
79.09,3,Industrial,152944.45
109.7,4,Rural,146060.94
53.26,2,Suburban,136357.27
135.97,6,Downtown,544111.24
145.89,5,Rural,195476.84
100.67,3,City Center,323510.62
182.96,7,Suburban,443850.94
70.97,3,Industrial,131617.06
61.43,2,Suburban,142462.01
128.98,6,Suburban,322253.15
161.88,7,Rural,227587.93
187.36,8,City Center,638759.32
101.64,5,City Center,360768.89
163.15,8,Suburban,414741.47
118.46,5,City Center,413782.98
113.09,5,Rural,163435.91
155.35,6,Rural,212699.4
146.09,6,Industrial,278281.37
56.94,3,City Center,206098.94
179.06,6,Industrial,326808.42
175.2,7,Downtown,689144.79
94.98,4,Rural,136994.49
135.83,6,Suburban,322233.28
139.76,5,Rural,184873.21
130.43,6,Downtown,507849.33
97.99,4,Suburban,234031.59
93.14,4,City Center,325491.2
118.98,5,City Center,414147.51
166.91,7,Rural,241129.16
141.74,7,Suburban,357986.01
105.18,5,Suburban,251184.85
150.87,6,Industrial,287609.92
30.0,2,Downtown,115969.0
165.95,6,City Center,548443.88
50.41,3,Rural,70665.45
105.5,4,Suburban,251310.72
75.21,3,City Center,248300.61
68.21,2,Rural,93521.74
166.43,7,City Center,568093.21
101.29,4,Rural,149514.95
133.86,5,City Center,447485.47
118.12,5,Industrial,219615.77
139.08,5,Downtown,534541.72
123.07,5,City Center,414571.63
68.68,3,Downtown,277730.09
159.85,7,City Center,541289.02
100.25,4,Suburban,247367.47
57.74,2,Industrial,108931.09
102.88,4,Industrial,197224.09
180.03,7,Downtown,708517.37
154.01,7,Suburban,373230.74
106.05,5,Rural,152280.91
106.03,4,Industrial,200323.54
107.13,5,Suburban,270105.2
203.07,8,Suburban,484935.84
135.28,5,Downtown,529821.96
137.2,5,Suburban,331755.33
161.21,6,Suburban,389242.68
129.55,4,Rural,170517.57
109.64,5,Downtown,437701.1
112.15,4,Downtown,424320.02
117.14,5,Suburban,280817.9
118.51,5,Rural,166618.11
149.11,6,City Center,502820.55
122.08,4,Industrial,218373.75
149.31,6,Downtown,587620.61
116.77,5,Rural,161680.34
123.15,4,Rural,168011.41
40.07,2,Suburban,100164.95
156.65,6,Industrial,300337.66
133.86,5,Downtown,508969.39
159.92,6,City Center,545493.21
30.0,1,Suburban,63233.0
203.53,8,Downtown,794500.46
114.42,5,Downtown,445659.45
164.33,6,Rural,217266.31
78.4,4,Industrial,162802.64
144.51,7,City Center,507254.87
77.86,3,Industrial,149793.07
95.05,4,Rural,141521.24
196.56,7,City Center,667730.76
112.37,5,City Center,380419.11
128.7,5,Suburban,313034.63
154.8,6,City Center,531213.13
139.83,5,Downtown,545526.46
126.02,5,Industrial,233458.13
134.6,5,Industrial,242162.66
216.14,8,Suburban,505123.25
117.7,4,City Center,384463.74
128.04,5,Rural,174546.96
162.03,6,Downtown,624248.62
164.22,7,Suburban,398448.07
167.48,7,City Center,563292.64
145.55,5,Rural,190363.21
74.28,3,City Center,252839.41
185.34,8,Suburban,455962.52
74.15,3,Rural,97420.18
132.11,6,Rural,199205.42
89.83,4,Rural,134055.97
117.43,4,Rural,164713.47
133.15,5,City Center,448819.49
132.85,5,Rural,184799.29
136.88,5,City Center,460598.49
184.55,8,Rural,264199.45
138.14,6,Rural,202044.37
110.23,4,Suburban,269394.47
158.56,6,City Center,533461.46
167.58,7,City Center,576196.46
70.9,3,Industrial,130980.53
143.9,6,Suburban,350714.01
148.05,6,City Center,502206.73
108.1,4,Suburban,249747.92
175.03,7,Suburban,411405.55
114.0,5,Suburban,270981.55
125.02,5,Downtown,489102.7
113.08,5,City Center,381353.38
120.62,5,Suburban,295138.32
76.15,3,Downtown,295210.49
62.4,2,Downtown,242454.88
183.78,7,Rural,245143.2
86.12,4,Rural,132812.55
80.34,4,City Center,273783.92
33.86,1,Rural,41646.4
94.44,3,City Center,320972.59
67.08,2,Downtown,257307.43
185.68,8,Downtown,733105.12
160.39,7,City Center,546517.05
92.47,4,Rural,128321.99
210.1,8,Rural,296974.43
159.27,6,City Center,546216.86
107.01,3,Industrial,198641.12
30.0,1,Rural,45861.0
211.64,8,Suburban,506740.41
64.42,2,Rural,77719.1
54.18,1,Industrial,95713.08
160.9,7,Downtown,638321.86
217.59,8,Downtown,846077.34
175.37,8,Downtown,688820.19
142.56,6,Rural,203027.36
143.79,6,Downtown,559420.61
154.14,6,Industrial,286458.93
150.36,6,Industrial,279889.72
131.25,5,Rural,191084.66
124.17,5,Suburban,290852.09
117.5,4,Rural,163368.27
89.84,4,Downtown,354600.96
108.77,4,Rural,147611.0
52.28,2,Industrial,101156.59
116.07,4,Rural,157088.41
80.46,4,Rural,115664.36
75.86,3,Suburban,188290.85
127.2,6,Industrial,254518.65
175.68,7,City Center,596377.27
156.73,5,City Center,520898.99
57.18,3,Industrial,116044.96
80.41,3,City Center,267454.62
157.63,6,Downtown,613251.97
80.7,3,City Center,278428.51
111.01,5,Downtown,442592.36
142.0,6,Industrial,279708.13
81.27,4,City Center,284277.67
124.22,6,City Center,433968.06
66.64,2,Downtown,256173.43
95.95,4,Downtown,367510.53
132.79,6,Rural,193195.28
56.28,1,Suburban,113390.5
137.62,5,City Center,461236.97
119.21,4,Suburban,268519.98
142.1,5,Suburban,328076.2
128.96,5,City Center,436972.7
174.57,7,Downtown,689699.66
125.01,5,Rural,172684.98
102.82,4,Industrial,185815.67
124.89,6,City Center,440462.7
141.73,7,City Center,494795.76
121.95,4,Industrial,228343.6
121.62,6,Suburban,293720.34
91.92,3,Rural,123544.33
93.48,4,Suburban,233620.93
63.9,3,Industrial,132920.68
189.98,7,Industrial,357637.6
70.25,3,Rural,108044.47
92.28,4,Industrial,182942.69
91.26,3,Industrial,175362.56
155.8,6,Rural,223415.98
108.2,4,City Center,358573.04
169.91,6,Suburban,403030.37
93.06,4,City Center,315815.13
131.16,5,City Center,434319.3
86.59,3,Suburban,194633.24
205.81,8,City Center,702822.9
72.5,3,Rural,107499.06
132.39,5,Suburban,308257.66
145.35,6,Downtown,574575.76
136.55,6,City Center,466230.89
112.59,5,Industrial,213725.74
114.81,4,Suburban,267353.34
121.75,4,Downtown,470985.61
114.12,5,Industrial,227503.88
158.56,7,Downtown,633836.08
208.42,8,City Center,704419.76
97.7,4,Industrial,194972.49
65.21,2,City Center,220139.64
116.47,5,Industrial,227135.08
223.19,8,Suburban,534610.75
87.85,3,Rural,115285.02
185.56,8,Rural,274401.67
187.11,7,Downtown,730026.11
97.86,4,Industrial,196184.71
142.76,5,City Center,479471.97
185.14,8,Suburban,455090.73
104.83,4,Suburban,246294.78
111.86,4,Suburban,261117.57
96.73,5,Rural,151406.76
79.41,4,City Center,278736.19
94.03,3,Suburban,226754.8
71.04,3,Suburban,166707.78
121.36,5,Downtown,484318.69
89.2,4,Industrial,170816.61
129.35,4,Industrial,239288.15
57.76,3,Industrial,114428.26
133.24,5,Downtown,511537.23
153.34,6,Rural,210279.16
40.25,3,Downtown,163865.01
134.96,6,Suburban,325080.53
169.11,7,City Center,572832.28
71.61,2,Suburban,163016.72
186.9,8,Suburban,457990.79
136.76,5,City Center,469016.28
91.8,3,Industrial,167670.29
117.77,5,Downtown,462832.33
142.33,6,Rural,211587.08
123.04,5,Suburban,292567.43
141.55,6,Suburban,352394.48
83.17,3,Rural,116861.06
126.77,5,Downtown,496162.52
63.45,3,Suburban,162274.84
115.55,5,Rural,167549.96
83.84,4,Suburban,211121.39
90.58,4,Industrial,178284.2
169.44,7,Industrial,333413.59
163.65,6,Suburban,391249.81
144.37,6,Suburban,339748.05
76.31,3,Industrial,139151.23
107.34,4,Suburban,253060.32
168.52,7,Downtown,664211.68
125.67,5,Downtown,498675.37
212.77,8,City Center,726655.54
135.73,5,Downtown,519764.5
127.68,5,Suburban,309264.93
107.64,4,Suburban,245930.68
125.34,5,Rural,183040.64
113.9,5,Downtown,446035.22
148.32,6,Industrial,275405.52
158.27,7,Industrial,315858.14
88.56,3,City Center,304084.26
66.75,2,Rural,87682.68
46.55,1,Industrial,70642.68
140.32,6,City Center,485468.96
75.87,4,Downtown,307817.68
33.88,1,Rural,38618.38
135.54,5,Rural,178296.14
219.72,8,Suburban,515944.96
119.76,5,Downtown,470709.07
153.54,6,Rural,218444.63
123.27,4,City Center,404504.52
116.04,5,Industrial,230651.62
156.76,6,Downtown,616058.71
108.39,4,Downtown,427057.56
130.7,5,Rural,189104.69
132.87,5,Rural,192384.91
93.28,4,Rural,135041.38
159.68,6,City Center,533266.08
113.0,5,Suburban,281330.22
89.77,4,Rural,123441.19
141.46,5,Suburban,327861.79
84.06,4,Suburban,210588.56
121.13,4,Downtown,471933.36
119.64,5,Industrial,237738.86
163.44,7,Industrial,317344.73
138.99,6,City Center,471551.79
119.0,5,City Center,407807.76
152.71,7,Industrial,307798.98
175.61,6,Industrial,321340.45
142.31,6,Downtown,563418.44
120.41,5,Downtown,468569.37
67.53,3,Industrial,135563.83
77.4,4,Rural,112114.45
107.79,4,Rural,145872.01
95.62,4,Downtown,379218.29
112.52,4,Suburban,271396.3
122.27,6,Industrial,244263.0
141.19,6,City Center,492624.13
117.18,4,Rural,164111.05
139.46,6,Suburban,341544.13
122.58,5,Rural,165939.98
40.98,1,Suburban,95669.67
82.43,3,Industrial,145563.88
114.24,5,Industrial,224001.75
71.61,4,Industrial,144099.32
144.0,6,Downtown,556691.02
181.23,8,Suburban,446635.07
168.75,6,City Center,566373.42
111.46,4,City Center,381191.86
179.63,7,Industrial,346162.57
125.95,5,City Center,427558.09
106.52,4,Rural,136572.56
95.46,4,Suburban,234900.79
107.9,4,Suburban,261154.43
104.47,4,Suburban,253997.85
126.82,5,Rural,169963.65
126.42,5,Downtown,486017.36
120.12,5,Rural,160842.84
137.48,5,Suburban,327224.05
167.63,7,Suburban,412020.7
157.98,6,Suburban,385165.33
60.6,2,City Center,199238.24
30.0,1,Downtown,118788.0
157.37,7,Rural,231379.8
65.32,2,Suburban,151728.7
111.01,4,Industrial,210860.08
73.2,4,Downtown,293299.18
47.92,1,Industrial,82792.17
141.66,5,Downtown,536063.78
150.37,6,Suburban,359523.41
96.94,3,Downtown,366824.54
30.0,1,Downtown,124639.0
98.15,5,Suburban,245247.44
135.67,5,Industrial,255277.24
60.84,1,Industrial,110806.31
127.33,4,City Center,422953.19
119.39,5,Industrial,235941.41
143.17,6,Industrial,270040.49
124.78,5,Downtown,486532.25
81.08,4,City Center,275590.73
167.86,7,Suburban,403130.72
113.66,5,Suburban,284962.63
118.91,5,Rural,173264.82
82.67,2,City Center,264330.84
102.27,4,Downtown,393877.48
84.61,3,Rural,122573.89
113.08,4,Rural,154112.16
188.47,7,Suburban,454818.68
65.12,3,Industrial,130688.93
55.46,3,Downtown,224679.4
178.85,7,City Center,609519.44
111.63,5,Rural,153836.05
93.24,4,Downtown,368389.82
161.6,6,Suburban,380420.37
95.78,4,Rural,135075.38
193.04,8,Rural,271721.39
147.12,7,Suburban,362430.07
100.48,3,Suburban,229234.09
206.29,8,Suburban,487956.66
95.77,4,Downtown,371349.91
149.68,6,Downtown,584813.35
131.97,6,Downtown,527901.96
172.07,7,Industrial,334960.48
182.46,7,Rural,257607.45
121.28,5,Downtown,481701.58
89.86,4,Industrial,165980.93
138.4,5,Rural,184859.89
92.89,4,Downtown,372984.85
200.54,7,Suburban,472534.98
125.46,5,City Center,430436.24
105.39,4,Downtown,406186.98
127.39,6,City Center,448776.64
66.11,3,Downtown,251729.32
81.14,3,Suburban,187509.88
168.02,7,City Center,581382.67
93.72,3,Industrial,170664.34
78.12,3,Suburban,183285.12
141.47,5,City Center,472446.33
167.43,7,City Center,577238.5
148.76,6,Suburban,349813.26
159.84,7,Suburban,397374.81
89.73,4,Suburban,222159.39
63.13,2,Rural,75906.57
180.05,7,Industrial,343786.02
107.09,4,Downtown,418049.82
109.97,4,City Center,367218.04
173.13,7,Downtown,685667.18
142.25,6,Suburban,348029.4
138.24,5,Industrial,252688.27
206.6,8,Industrial,389430.14
94.26,4,Rural,131761.27
157.11,6,Suburban,365876.21
122.28,4,City Center,410313.57
130.74,6,Rural,183605.69
181.14,7,Suburban,423194.47
140.31,5,Rural,192757.43
141.53,5,Downtown,543714.45
162.9,6,Suburban,381249.59
105.4,5,City Center,359016.67
86.43,4,City Center,292715.84
78.21,3,Suburban,185705.26
41.35,2,Rural,54066.74
202.25,8,Industrial,384264.43
75.87,4,Suburban,201380.33
111.15,5,City Center,388705.57
108.93,4,Downtown,412034.14
132.3,5,City Center,453528.8
152.63,5,Industrial,272969.23
154.42,5,City Center,509997.82
96.68,3,Industrial,168669.35
113.32,5,Suburban,280210.26
131.3,5,City Center,441569.59
110.05,4,Rural,143303.35
184.29,7,Rural,249561.82
139.64,6,City Center,480697.99
149.4,6,City Center,511674.33
146.52,5,Downtown,567934.38
166.94,7,City Center,568378.86
127.24,4,Downtown,491330.02
68.13,3,Downtown,272834.53
135.99,6,Downtown,528108.31
93.95,3,Downtown,357548.03
98.86,4,Suburban,235598.67
143.45,6,Rural,203550.56
169.53,6,Downtown,648833.63
120.85,5,Rural,161338.86
132.35,5,Downtown,521442.62
188.09,8,Rural,263710.6
129.63,5,City Center,448395.38
224.07,8,City Center,745975.97
142.62,5,Rural,189066.39
49.57,1,Downtown,193329.21
150.13,5,Suburban,348839.33
135.25,6,Rural,193079.34
171.59,7,Industrial,327643.17
146.93,6,Suburban,356270.51
114.46,4,Industrial,206579.64
71.03,2,Rural,100402.07
111.64,4,Downtown,440567.74
85.98,4,Industrial,175573.77
96.78,3,Rural,132463.06
143.54,6,Suburban,337703.27
186.8,7,Downtown,727422.63
135.79,5,Industrial,246250.29
72.16,3,Rural,98473.68
137.78,5,Downtown,541383.37
167.87,7,Downtown,650318.41
95.61,4,City Center,324652.05
114.64,5,Downtown,453371.6
120.59,4,Rural,170280.53
88.6,3,Suburban,201262.13
145.93,6,City Center,503883.65
115.16,5,Rural,162843.07
136.78,5,Rural,192350.3
84.5,3,Rural,111008.31
102.5,4,Industrial,200360.5
148.9,6,Industrial,283775.88
105.09,3,Suburban,242517.35
189.08,7,Rural,260966.55
104.01,4,Industrial,205755.83
128.99,6,Industrial,247308.08
157.3,8,Industrial,323742.45
63.27,2,Suburban,152787.74
49.57,1,Suburban,115928.3
58.97,3,Rural,80889.75
170.5,7,City Center,574369.09
97.93,4,Rural,134997.67
222.33,8,Industrial,419014.96
97.43,4,Industrial,178196.14
127.38,5,Downtown,494051.18
181.68,7,Rural,244652.4
200.24,8,Industrial,379301.57
202.46,8,Industrial,374291.21
168.33,7,City Center,580454.95
160.96,6,Downtown,626625.75
143.7,6,Rural,198975.08
151.13,7,Suburban,380494.89
97.95,3,Rural,128818.57
87.27,4,Rural,129640.04
119.87,4,City Center,408641.07
113.19,5,Rural,161866.62
101.87,4,City Center,354635.63
147.86,7,City Center,519028.49
158.21,7,Industrial,308821.31
123.54,4,Suburban,292696.55
179.1,8,City Center,621673.61
74.33,4,Downtown,295531.52
112.25,5,Downtown,445454.68
91.33,3,Suburban,206479.21
45.34,2,City Center,156406.61
116.69,5,Suburban,283259.55
115.13,4,Industrial,206303.15
180.54,8,Downtown,708760.96
145.23,6,Rural,196250.47
79.03,2,Downtown,304308.84
194.16,8,City Center,662101.11
168.84,7,Suburban,400182.7
143.28,6,Downtown,554160.68
110.94,4,Rural,150518.64
81.62,4,Rural,116852.43
105.11,5,Suburban,260478.46
163.55,7,Suburban,391933.89
195.38,8,Downtown,755388.08
181.73,7,City Center,620239.22
100.45,4,Industrial,195718.03
75.22,3,Rural,113744.3
125.64,5,Suburban,309817.9
49.26,2,Industrial,103289.64
132.93,6,Industrial,265030.06
114.1,5,Industrial,225427.84
101.36,4,City Center,337498.62
56.21,3,Suburban,152366.75
140.54,5,Rural,199614.0
98.69,4,Suburban,229715.93
73.2,3,Downtown,282277.64
30.0,1,Rural,48040.0
118.9,5,Suburban,283836.81
190.89,6,Rural,249473.06
186.45,7,Downtown,717865.29
101.72,4,Rural,132012.15
95.91,4,Industrial,191337.28
138.75,5,City Center,461446.91
80.06,2,Downtown,296031.04
132.07,5,Rural,184868.68
150.64,6,Downtown,594130.24
169.08,7,Industrial,316610.99
115.99,5,City Center,404458.51
111.85,5,Downtown,444397.67
84.88,4,Industrial,163714.04
86.92,3,Industrial,151107.18
110.94,4,Industrial,202736.27
134.69,5,Rural,187248.62
156.54,6,Suburban,368185.77
87.87,4,Downtown,350122.95
179.71,8,Suburban,433441.09
109.16,5,Industrial,215979.58
119.15,5,Suburban,283347.62
90.11,4,Industrial,182657.3
30.0,1,Industrial,50305.0
155.36,7,City Center,537999.45
149.47,6,City Center,505095.27
108.75,5,Suburban,267056.8
122.68,6,Downtown,494694.7
140.64,6,Suburban,347492.14
57.5,2,Downtown,213248.58
98.84,5,Suburban,250416.79
151.77,6,Rural,216372.59
69.83,2,Rural,92431.42
131.74,6,Downtown,525085.11
65.74,2,City Center,224357.18
138.66,6,Downtown,548843.2
118.57,5,Suburban,286292.68
55.39,2,Industrial,104206.09
166.59,6,Rural,222280.57
90.62,4,Industrial,172983.51
87.59,3,Rural,112068.9
128.02,5,Suburban,300243.54
165.95,7,Rural,235036.49
79.37,3,Downtown,312852.95
122.47,4,Industrial,217905.79
137.15,6,Industrial,259369.99
147.72,6,Suburban,348991.45
127.06,6,Industrial,256010.49
105.32,4,Suburban,246228.77
86.9,3,City Center,292522.17
123.45,5,Downtown,478176.14
77.11,3,Rural,97875.44
30.0,1,Rural,32407.0
137.46,6,Rural,188347.39
156.16,6,City Center,521115.18
30.0,1,Downtown,116125.0
79.61,4,Industrial,150884.16
144.77,6,Industrial,280515.26
202.3,8,Downtown,785064.37
120.83,4,Downtown,459234.12
90.88,5,Rural,139814.88
112.68,4,Industrial,201454.21
175.0,7,Downtown,684167.7
94.16,4,Industrial,183980.15
88.03,4,Downtown,347421.12
100.69,4,Suburban,247259.52
81.87,2,Rural,107638.86
124.91,5,Downtown,487806.84
184.99,7,City Center,632699.42
132.92,5,Downtown,524095.1
109.91,4,Suburban,261004.72
108.33,5,City Center,382552.65
57.47,3,City Center,207698.1
155.32,6,Downtown,597722.37
116.89,6,Suburban,290001.02
112.78,5,City Center,381173.41
247.72,8,Rural,335856.3
131.95,6,Rural,193005.12
89.93,5,Industrial,188687.54
102.95,3,Industrial,181970.54
165.94,7,Suburban,411523.66
124.53,4,City Center,418197.45
62.47,3,Rural,93750.88
156.77,6,Rural,207832.16
93.27,4,Suburban,229892.47
194.93,7,City Center,660693.73
163.2,6,Suburban,379135.85
102.11,4,Downtown,389246.93
171.24,8,Rural,245960.65
122.71,5,Suburban,287397.44
154.11,6,Suburban,370376.89
139.39,5,Downtown,539732.59
86.15,4,Industrial,175920.6
94.26,4,Rural,127975.01
161.2,6,Suburban,373770.87
106.61,4,Rural,145287.99
103.85,4,Industrial,202615.09
81.8,3,Suburban,197017.19
136.94,5,Downtown,521243.87
202.5,8,Rural,274868.0
77.3,3,Downtown,301973.39
120.97,4,Industrial,228084.17
176.49,8,Industrial,354620.23
116.81,4,Rural,163676.34
138.09,5,Industrial,266286.31
77.5,3,City Center,265167.78
137.13,6,Rural,195100.28
112.51,5,City Center,393834.69
159.43,6,Industrial,303886.8
167.5,7,Rural,228863.44
223.58,8,City Center,742973.64
143.19,6,Industrial,276465.99
133.03,5,Suburban,309675.71
127.78,5,Suburban,307749.74
105.87,4,Downtown,410590.72
133.54,5,Suburban,318647.71
108.18,5,City Center,365610.83
126.74,4,Suburban,301504.88
172.7,8,Rural,255818.9
79.74,3,Rural,117933.3
165.6,7,Rural,227788.14
172.68,7,Suburban,421920.21
115.28,4,Suburban,276682.52
35.13,2,Downtown,137122.31
95.69,2,Industrial,172458.68
171.88,7,Downtown,665447.24
119.09,4,City Center,395761.83
80.03,3,Rural,105977.91
99.81,4,Suburban,238532.01
153.62,6,Industrial,294578.2
141.87,6,Industrial,274341.01
110.44,5,Suburban,277039.43
105.33,4,Downtown,400953.58
104.33,4,Industrial,193124.51
83.1,3,Downtown,321555.57
184.62,8,Suburban,454008.06
107.11,5,Downtown,426400.13
168.69,7,Rural,242102.34
180.85,7,Suburban,440112.28
159.93,6,Suburban,386597.87
102.74,4,Industrial,192731.78
136.15,5,Industrial,252583.81
119.03,5,Industrial,230559.26
83.85,4,Rural,121804.93
132.97,5,Rural,176275.37
72.84,3,City Center,249742.23
167.51,7,Suburban,401833.35
101.42,4,Industrial,193904.96
128.05,5,Suburban,298861.77
131.33,4,Downtown,500152.3
109.64,4,Rural,158207.8
143.47,6,City Center,483748.26
101.0,4,Downtown,386178.49
154.85,6,Suburban,370487.78
66.16,3,Rural,98526.81
125.06,5,Industrial,246508.77
197.56,7,Downtown,760775.06
79.99,4,Rural,115426.75
92.89,4,Suburban,222890.4
140.56,5,Suburban,340233.63
127.18,5,Downtown,503956.45
134.03,6,Downtown,536859.21
139.57,6,Downtown,549981.2
145.39,5,City Center,485795.58
164.39,6,Industrial,316330.99
136.39,5,Rural,191925.75
110.35,4,Suburban,269522.39
146.9,6,Suburban,355170.9
196.0,8,Industrial,376091.92
114.69,5,Downtown,442747.28
81.02,3,Downtown,308769.9
164.28,7,Suburban,402078.45
115.18,5,Industrial,213461.13
33.09,2,Suburban,82626.44
153.9,6,Downtown,600374.03
98.59,3,Rural,121673.87
116.38,5,Downtown,457192.34
133.28,6,Rural,201776.21
127.62,5,City Center,440200.96
148.38,7,Industrial,288345.11
102.58,5,City Center,363770.64
140.52,6,Downtown,549913.81
109.62,5,Industrial,207521.2
149.55,6,Downtown,592624.47
144.61,5,Industrial,271743.05
82.58,3,Industrial,151455.68
163.44,7,Downtown,641049.5
98.56,4,Downtown,375852.12
152.32,6,Industrial,290403.47
134.69,5,Industrial,248052.24
193.53,8,Downtown,761875.71
111.06,5,Downtown,448182.76
106.03,4,Suburban,259313.66
119.22,5,Suburban,290899.43
107.87,4,Suburban,253253.62
152.0,6,City Center,506549.03
55.35,2,Industrial,101921.36
77.85,4,Rural,108569.7
77.29,3,City Center,255528.65
158.01,8,Industrial,320909.46
188.42,7,Rural,258760.53
115.82,4,Suburban,276658.06
113.25,4,Rural,149794.13
122.8,4,Downtown,465003.3
166.48,6,Downtown,651065.96
82.91,3,Industrial,156329.81
129.53,5,City Center,447171.28
159.01,6,Suburban,387335.81
140.04,6,Industrial,275281.65
127.58,5,Suburban,305772.53
160.04,6,Downtown,616837.45
30.0,2,City Center,107045.0
147.12,6,City Center,501832.04
93.84,4,Downtown,377626.4
46.77,2,Rural,58011.68
140.45,5,City Center,471653.31
174.95,6,Rural,244373.34
114.5,5,Suburban,275476.12
158.11,7,City Center,553815.95
184.49,8,Downtown,719276.96
172.6,7,Rural,237889.58
185.6,8,Suburban,460434.16
149.69,6,Suburban,362181.2
123.02,5,City Center,427281.04
55.92,3,City Center,194126.1
110.16,3,Industrial,198547.25
86.27,4,Industrial,162587.2
206.84,8,City Center,704811.13
112.96,5,Industrial,226293.85
124.93,6,Downtown,493008.67
142.06,5,Downtown,544467.95
121.74,5,Industrial,223066.15
187.8,8,City Center,647113.12
95.09,3,Downtown,354744.09
127.78,5,Suburban,304683.6
90.3,3,City Center,297979.53
67.2,3,Rural,102013.1
95.53,4,Rural,125844.24
118.52,5,City Center,400348.58
102.83,5,Industrial,212001.87
92.3,4,Downtown,372260.06
63.75,3,Downtown,244377.56
116.68,5,City Center,399346.33
59.81,2,Suburban,142816.37
150.4,6,Industrial,294912.36
123.3,5,Suburban,290063.18
61.7,2,City Center,208967.82
107.63,5,City Center,375545.91
89.91,3,Suburban,214309.49
132.77,5,Rural,177175.98
173.62,7,City Center,581401.05
44.99,2,Industrial,82380.65
124.6,5,Suburban,309109.09
113.59,5,Rural,163315.69
146.85,6,Suburban,358143.21
128.53,5,Rural,185017.87
89.92,4,Rural,139289.23
107.24,5,Industrial,206324.76
88.16,4,City Center,309399.9
163.04,6,Rural,214290.29
120.85,5,City Center,415821.4
196.05,7,Industrial,355682.44
117.57,4,City Center,390648.7
91.66,2,Downtown,332613.05
59.45,3,Rural,80318.42
47.87,1,Industrial,90964.62
56.63,2,Suburban,135714.12
130.69,5,Industrial,236354.6
140.35,6,Rural,194165.0
56.75,2,Industrial,98276.56
155.8,6,Suburban,376673.07
100.68,4,Downtown,393944.45
125.87,4,Rural,166437.72
184.49,7,Rural,263427.83
155.87,5,Industrial,286967.36
109.26,4,City Center,367098.32
84.35,3,City Center,275538.93
33.93,1,Suburban,70953.77
91.23,3,Downtown,350830.54
111.55,4,Downtown,434116.77
80.51,3,Industrial,150517.23
114.75,6,Industrial,233859.58
123.07,6,City Center,433072.23
111.01,4,Downtown,425252.16
94.0,4,Downtown,366984.64
126.75,5,Downtown,496311.65
137.68,5,Suburban,321409.25
76.38,2,Suburban,179720.07
176.44,7,Industrial,326309.94
116.06,5,City Center,399597.42
120.75,5,Rural,172064.98
148.33,6,City Center,498718.73
129.33,5,Suburban,318270.29
158.13,6,Suburban,373061.93
131.48,5,Industrial,245569.45
95.5,4,Rural,135966.51
134.46,5,Downtown,526356.49
74.25,3,Rural,106793.95
124.34,4,Rural,164642.39
118.67,4,Rural,150465.8
111.68,4,Industrial,213704.99
114.86,4,Suburban,273425.0
44.73,2,Downtown,182924.13
98.05,5,Rural,146591.0
123.71,5,Downtown,489326.29
126.39,6,Rural,182608.26
78.89,3,Suburban,183930.99
170.63,7,Downtown,659808.1
85.35,4,City Center,304669.02
158.78,8,Suburban,401178.58
137.09,5,Downtown,530105.21
94.15,3,Rural,117230.91
191.01,7,Rural,251999.44
72.25,3,Suburban,182253.05
156.77,5,Suburban,361078.33
160.02,6,Rural,225256.29
93.18,5,Downtown,367839.17
175.7,7,City Center,603244.84
110.0,4,Industrial,209265.21
131.55,5,Suburban,317072.49
130.41,6,Rural,181319.87
114.63,4,Downtown,450404.78
152.43,7,Suburban,378628.66
151.74,7,Downtown,599478.42
50.06,2,Suburban,112572.44
172.17,7,Rural,237381.61
53.5,3,Downtown,215025.12
161.3,7,Rural,235857.85
165.07,6,Downtown,643166.72
76.36,3,Suburban,176087.69
103.57,3,Industrial,181302.14
75.77,3,Industrial,148832.72
111.4,5,City Center,385236.48
107.68,4,City Center,362540.89
151.19,6,Rural,211280.42
172.41,6,Downtown,665610.22
175.83,7,City Center,596251.06
97.51,4,Suburban,226046.56
111.63,4,Industrial,209291.69
52.66,2,Downtown,198162.65
87.77,3,Industrial,155220.8
158.59,6,Downtown,615564.23
184.62,7,City Center,619311.94
70.63,2,City Center,229792.14
96.3,4,Rural,134252.43
118.94,5,Downtown,465105.19
131.21,5,Suburban,310932.89
87.62,3,City Center,283393.58
136.96,6,Rural,202492.44
101.05,4,City Center,352704.28
119.42,5,Industrial,228130.86
141.85,6,City Center,487019.11
120.26,7,Downtown,496515.12
102.54,3,Rural,142261.56
115.62,5,Downtown,463778.63
116.47,4,Suburban,275647.96
105.2,4,Suburban,255824.12
109.65,4,City Center,363845.47
183.95,7,Rural,255787.89
142.44,6,Rural,198144.78
108.18,4,Rural,140262.79
147.88,6,Rural,207673.18
106.65,4,City Center,362482.66
166.92,7,Downtown,644497.45
134.79,5,City Center,457924.06
115.71,4,Downtown,440959.7
137.91,6,Industrial,257363.02
57.16,2,Industrial,96762.43
74.93,3,Downtown,292777.55
72.24,2,City Center,230692.0
125.72,5,Suburban,303301.45
189.3,7,City Center,640148.8
209.25,8,Suburban,491210.01
145.52,5,City Center,491838.13
140.03,6,Rural,192132.78
47.96,2,Rural,64343.69
98.29,3,Industrial,172777.57
88.49,3,Industrial,171681.97
95.17,5,Downtown,381381.34
113.27,5,Suburban,286013.49
101.12,4,Rural,135413.38
40.83,2,City Center,151816.02
149.92,6,Downtown,583112.44
77.09,3,City Center,266364.84
129.57,5,Rural,184770.87
202.96,7,Rural,275577.31
83.22,3,Rural,116585.62
30.0,1,Rural,31040.0
108.56,4,City Center,368489.49
164.04,7,Downtown,642122.35
198.33,7,Rural,265892.9
70.82,2,Industrial,133598.02
139.87,6,Downtown,559116.89
101.39,4,Industrial,182584.37
115.76,5,City Center,392630.2
225.77,8,Rural,304720.73
59.88,3,Downtown,239117.15
130.15,6,Rural,194957.59
138.71,5,Rural,186855.73
163.43,6,Downtown,636165.09
123.92,4,Rural,169112.33
132.32,5,Rural,173703.02
104.33,5,Suburban,255680.11
130.77,6,Suburban,326743.16
106.27,5,Downtown,427165.08
144.86,5,Downtown,560828.06
105.22,5,Rural,155926.59
135.08,4,Industrial,247799.02
118.83,5,Downtown,474174.21
165.04,6,Rural,224557.01
117.94,5,Industrial,228855.38
49.08,1,Suburban,100288.4
170.48,7,Downtown,659093.01
83.77,3,Rural,115346.71
93.85,3,Suburban,216898.69
96.17,3,City Center,326221.64
174.98,6,Suburban,403171.05
34.57,1,Rural,47399.03
245.51,8,Industrial,438280.91
162.24,8,City Center,561396.82
128.93,5,City Center,429411.67
117.8,5,City Center,406762.72
131.42,5,Downtown,516490.57
140.84,6,Rural,205294.9
145.81,6,City Center,488898.87
142.22,6,Suburban,343708.36
123.58,5,Industrial,229685.84
112.11,4,Rural,161385.46
113.95,5,Suburban,270634.14
112.2,4,Downtown,424658.84
165.35,7,City Center,571792.41
143.74,5,Suburban,344168.54
30.0,1,Rural,39176.0
146.24,7,Suburban,364355.06
127.79,6,Downtown,501764.07
119.25,5,Industrial,230495.47
104.46,4,City Center,349291.79
164.96,7,Rural,225046.51
157.9,7,City Center,542067.18
89.08,4,City Center,314636.68
136.28,4,City Center,444650.27
81.13,3,Suburban,201792.46
64.82,3,Suburban,168896.55
94.93,4,Industrial,184689.97
154.5,6,Downtown,603547.09
158.13,6,Rural,211209.0
140.52,5,Suburban,323091.83
149.0,5,City Center,503599.49
140.65,7,Downtown,565448.96
94.34,4,Rural,138715.74
137.28,5,Rural,178828.9
152.02,6,Rural,209832.38
150.17,6,Rural,200995.65
167.56,7,Industrial,315082.8
148.33,6,Rural,203910.15
134.06,5,Downtown,514399.75
162.81,6,Suburban,384642.02
118.94,5,Downtown,474632.02
84.73,3,City Center,275112.04
113.48,5,Industrial,217810.98
90.2,4,Industrial,165729.84
92.99,4,City Center,320480.61
114.22,4,Downtown,432818.39
88.3,4,Downtown,341966.21
107.68,4,City Center,365282.62
44.26,2,Rural,56949.41
128.53,6,Rural,182126.75
120.05,6,Suburban,291363.44
87.32,4,Downtown,336028.59
146.37,7,Downtown,591944.39
157.5,7,City Center,539525.42
55.7,2,City Center,186941.82
89.49,4,Rural,137975.01
89.23,4,Downtown,358669.07
82.4,4,Downtown,330544.57
153.18,6,Industrial,288644.49
112.25,5,Suburban,266719.91
109.42,4,Suburban,253226.81
39.85,1,Rural,42267.51
145.42,6,Downtown,566184.52
70.43,3,Industrial,134913.5
122.4,6,Downtown,490567.57
131.1,4,City Center,435317.23
174.43,7,Rural,245934.34
67.65,3,Suburban,162610.37
30.0,2,Downtown,117843.0
127.35,5,Rural,171464.98
192.02,8,Suburban,466503.89
169.56,6,Downtown,657230.49
128.39,5,Industrial,250866.56
100.33,4,Rural,134558.55
152.28,5,Downtown,577976.16
81.06,3,Suburban,198925.3
139.05,6,Suburban,330509.62
140.22,5,Industrial,259269.21
162.41,7,Rural,238093.4
230.39,8,Rural,316349.4
135.7,5,Downtown,531365.24
99.64,4,Suburban,247225.91
118.98,4,Suburban,273989.06
49.24,2,Industrial,90926.45
92.21,4,Industrial,184848.21
103.63,4,Rural,135798.7
99.04,4,Suburban,233190.93
126.09,4,Downtown,478626.68
87.1,4,City Center,295472.61
164.84,6,Downtown,634970.29
120.01,5,Industrial,229031.42
119.63,5,Downtown,468641.96
106.88,4,Suburban,246707.42
126.21,4,Rural,161934.63
153.0,7,City Center,530931.79
85.31,4,Rural,118930.79
93.68,4,City Center,316431.02
107.85,4,City Center,364021.88
66.17,3,Suburban,160681.33
87.23,3,Suburban,206016.37
100.95,4,Industrial,187306.75
154.98,6,Industrial,296559.35
130.5,6,City Center,442520.36
127.74,5,Industrial,240358.39
154.04,7,Suburban,375462.84
114.51,5,Industrial,229316.69
135.62,5,City Center,456210.78
115.87,5,Rural,161118.13
130.61,5,Downtown,504668.73
96.69,3,Industrial,171324.48
30.0,1,Suburban,61308.0
114.63,4,Rural,154312.83
176.91,8,Suburban,436542.85
157.05,5,Industrial,280399.92
158.62,7,City Center,554008.7
169.45,6,Downtown,643117.3
123.55,4,Downtown,469398.06
127.89,6,Rural,188535.63
95.29,4,Downtown,378744.73
107.36,5,City Center,369931.26
144.63,6,Suburban,352686.69
168.16,8,City Center,588272.13
114.42,5,Rural,169372.15
101.99,4,Rural,133584.43
120.02,5,Downtown,474537.91
144.05,6,City Center,488241.81
62.25,2,Suburban,140949.61
30.0,1,City Center,99151.0
97.98,4,Suburban,230123.05
71.17,2,Suburban,158831.01
99.67,4,City Center,339438.18
114.09,4,Industrial,213141.18
101.87,4,City Center,346780.19
178.1,8,Suburban,443627.4
133.07,5,Rural,187585.79
132.02,6,Rural,191278.97
144.89,5,Downtown,554745.0
74.45,4,Rural,108633.68
161.56,7,Industrial,305686.71
116.97,4,Suburban,270115.86
146.82,7,City Center,516398.67
77.13,3,City Center,254812.13
57.85,2,Industrial,104074.47
152.72,5,Rural,205384.59
135.06,5,Suburban,311077.76
83.92,3,Rural,111361.94
85.21,3,Downtown,328873.17
165.02,6,Rural,229627.39
72.42,3,Downtown,273982.33
185.71,7,City Center,621674.75
83.98,2,Suburban,194383.34
145.54,6,Downtown,576745.87
106.86,3,Rural,140146.26
144.13,6,Rural,200898.5
98.24,3,City Center,332205.32
113.49,5,Industrial,214164.43
121.64,6,Industrial,236889.15
79.91,3,Rural,103479.5
149.63,7,Industrial,286107.46
99.47,4,Suburban,239010.91
110.86,5,Industrial,220445.01
80.23,3,Suburban,188396.05
30.0,1,Rural,35800.0
112.36,5,Rural,166766.89
216.5,8,Rural,294521.62
151.38,6,City Center,506967.51
119.23,5,Industrial,219814.38
109.48,4,Downtown,426480.28
120.9,6,Downtown,473352.22
141.88,5,Rural,198527.76
72.77,3,Industrial,134176.23
164.57,7,Suburban,393503.74
148.62,6,Downtown,587041.38
148.73,7,Rural,221217.43
137.54,5,Downtown,523145.6
120.78,5,Downtown,477047.33
146.91,6,Downtown,578587.57
143.67,6,Rural,207339.57
105.84,4,Rural,139632.37
97.06,4,City Center,324757.79
124.07,5,City Center,426920.76
181.96,7,City Center,618214.42
70.44,3,Downtown,273495.01
61.3,3,Industrial,121541.48
126.59,3,Rural,149919.43
122.04,5,City Center,417142.52
126.93,5,Industrial,244772.5
129.76,4,City Center,421366.38
111.07,5,City Center,392566.73
179.59,7,Industrial,347450.81
55.96,3,City Center,188178.52
86.86,2,Downtown,331179.42
115.87,5,Downtown,447860.33
54.27,2,Downtown,216212.57
112.97,5,Suburban,268769.65
186.46,8,City Center,641205.42
120.84,4,Suburban,279807.92
129.23,5,Rural,170493.04
69.59,3,Industrial,127373.11
95.35,3,Rural,130034.54
104.99,5,Suburban,264091.29
107.29,4,Downtown,413662.89
171.27,6,City Center,571827.26
142.31,5,City Center,480044.93
75.54,3,Downtown,295047.89
129.86,5,City Center,430191.57
139.93,6,Industrial,263416.3
165.61,6,Industrial,303832.94
183.22,7,Industrial,344771.44
79.4,3,Rural,101024.23
87.57,4,Downtown,349655.95
69.7,3,Industrial,132452.33
110.64,5,Suburban,264650.41
138.65,6,Industrial,271083.5
159.49,6,Rural,219282.38
116.96,5,Suburban,277062.92
107.21,4,Downtown,416864.35
126.07,5,Downtown,499889.12
86.59,4,Industrial,162141.43
203.58,8,Suburban,483284.1
55.69,3,Suburban,139568.12
127.39,5,Industrial,246387.43
200.94,8,Industrial,388083.37
120.27,4,City Center,396540.98
112.4,5,City Center,392779.32
105.7,4,Industrial,201772.27
112.78,5,Rural,161578.33
174.91,7,City Center,598853.82
31.53,1,Industrial,58832.29
181.34,8,Suburban,436749.7
63.04,1,City Center,201903.14
109.33,5,Rural,155495.91
102.83,4,Downtown,397541.78
143.54,5,Suburban,335086.26
56.08,2,Rural,79528.03
138.49,6,Rural,203119.91
200.97,8,Rural,288849.38
65.47,3,Suburban,163938.08
127.59,5,Rural,179714.25
93.52,4,Downtown,370412.5
137.04,6,City Center,477862.46
120.77,5,Suburban,288602.82
94.34,5,Rural,148089.52
139.51,5,Industrial,268547.34
192.17,8,City Center,658504.77
112.36,5,Suburban,271313.7
148.79,6,Industrial,292888.48
68.27,2,Industrial,123044.62
81.74,2,Rural,95709.54
138.9,6,Suburban,328614.5
179.36,7,Rural,239585.64
134.22,6,Downtown,526665.87
107.48,4,Industrial,203345.52
119.97,5,Downtown,475443.8
69.98,4,Rural,103871.69
144.18,6,City Center,496040.84
155.29,6,Industrial,293291.98
101.92,4,City Center,355403.16
101.2,4,Suburban,242513.63
130.64,6,Industrial,258724.69
102.53,4,Downtown,392852.24
117.35,5,City Center,411046.09
203.99,8,Suburban,479643.74
110.12,4,Industrial,211490.46
105.67,5,Suburban,262605.79
94.1,3,Downtown,363682.15
149.77,6,Industrial,279408.52
112.75,6,Suburban,286862.07
94.03,4,Rural,141963.08
172.85,6,Industrial,315393.24
176.78,7,Industrial,330613.18
95.98,4,Industrial,183246.59
45.34,2,Industrial,90133.6
160.3,7,Rural,236771.55
92.61,3,Downtown,351266.82
151.63,7,Rural,214328.02
41.2,2,Rural,62346.85
155.7,7,Suburban,390209.79
71.55,3,City Center,238806.37
149.23,7,City Center,509438.69
120.57,5,Suburban,289373.85
81.84,3,Rural,116993.42
103.72,4,Suburban,247767.09
147.45,5,Industrial,277601.11
124.24,5,Suburban,299747.56
143.38,6,Suburban,355288.04
199.06,8,Industrial,372523.44
57.43,2,City Center,189177.01
184.69,8,Industrial,357314.75
124.17,5,Downtown,474817.83
84.05,3,Suburban,188696.28
66.79,3,Suburban,157283.91
112.44,4,City Center,383902.55
156.87,6,Rural,212589.0
114.9,5,Industrial,226351.05
180.45,7,Rural,250214.2
61.95,3,Downtown,247151.4
119.52,5,Industrial,238066.66
69.9,3,Downtown,272636.92
134.55,6,Downtown,538114.46
155.48,6,Downtown,613143.23
103.17,4,Industrial,200300.29
30.0,1,Industrial,55291.0
127.96,6,City Center,445667.78
137.47,6,Suburban,336598.08
136.17,5,Rural,184154.79
169.43,7,Rural,235931.29
77.16,4,Downtown,301686.48
147.21,6,Industrial,284871.97
167.7,6,Industrial,306364.45
48.86,2,Downtown,198548.74
132.79,5,Suburban,309648.15
99.83,4,Rural,138222.81
116.74,4,City Center,385659.28
133.91,4,Suburban,301319.12
100.51,4,Industrial,197952.29
92.97,4,Downtown,355902.87
121.37,5,Rural,174122.1
76.51,4,Downtown,312047.57
76.57,3,Industrial,150991.49
147.17,5,Downtown,565717.26
74.05,3,Rural,101987.24
146.65,6,Downtown,568002.75
138.5,6,Rural,196251.65
50.97,2,Downtown,191257.06
92.9,4,Downtown,359898.95
167.76,8,Rural,250802.38
80.75,3,Downtown,308604.83
101.42,5,Suburban,254506.66
138.48,5,City Center,472929.31
151.34,7,Suburban,382224.24
109.94,5,City Center,386581.33
96.1,4,Suburban,229989.18
176.89,7,City Center,600269.38
189.56,6,Downtown,717716.95
159.15,6,Rural,213477.32
123.41,5,Rural,165450.73
87.67,3,Industrial,167481.06
86.78,4,City Center,295807.67
140.9,5,Industrial,259413.85
136.74,5,Industrial,263472.89
176.06,7,City Center,589453.83
146.02,5,Rural,191749.0
59.88,3,City Center,209533.36
162.08,6,Downtown,617621.67
80.08,3,Industrial,140556.36
104.64,4,Industrial,206153.72
130.01,5,City Center,443923.02
199.83,8,Industrial,388686.05
244.4,8,Rural,317548.74
144.27,6,Industrial,276650.38
112.67,5,City Center,396733.41
141.38,5,Rural,190994.23
155.51,6,Rural,221963.22
107.17,4,Industrial,197708.94
191.81,7,City Center,637630.36
129.2,5,Industrial,251659.25
139.91,5,Downtown,549549.03
146.64,5,Downtown,572793.4
136.86,6,Rural,199996.46
153.56,6,Industrial,298450.43
95.31,4,Downtown,363619.55
97.67,4,Suburban,242739.86
75.99,2,Downtown,281512.41
137.58,6,Industrial,264379.07
151.16,6,Industrial,287688.19
138.31,5,Downtown,543589.2
186.98,8,Industrial,353004.55
119.78,5,Industrial,224627.24
146.75,6,Suburban,356206.33
76.33,4,Rural,119191.96
104.52,4,Industrial,201021.02
147.82,5,City Center,500874.53
153.96,6,Rural,221634.08
108.24,6,Rural,177471.32
117.14,5,City Center,399920.09
59.29,4,Downtown,251384.68
105.72,5,Suburban,253730.66
155.62,6,Industrial,301418.99
143.01,6,Downtown,567388.7
140.03,6,City Center,481435.89
121.99,4,Suburban,283999.89
120.28,5,Suburban,293385.05
93.59,4,Suburban,233107.31
147.95,6,City Center,495806.41
136.84,6,Downtown,548651.21
139.68,6,Industrial,274831.13
98.96,4,Suburban,244220.21
33.87,1,Suburban,82746.57
163.89,6,Downtown,641578.38
100.85,4,Suburban,241632.0
85.49,3,Suburban,205442.94
147.74,5,City Center,493442.47
104.32,5,Rural,152023.49
162.4,6,Downtown,635031.09
144.68,6,Downtown,562892.83
147.34,6,Downtown,568690.71
65.36,3,City Center,233886.31
168.48,7,City Center,573398.28
130.45,6,Industrial,259405.03
105.23,4,City Center,353987.74
125.74,5,Downtown,499010.39
48.95,1,Industrial,82674.89
136.35,6,Rural,200501.11
78.83,3,Suburban,193730.28
65.89,3,Suburban,153828.38
59.11,3,Industrial,127223.45
164.51,6,Rural,229341.53
94.83,4,Suburban,224150.93
181.35,8,Industrial,345581.66
98.57,5,City Center,345516.82
51.71,2,Downtown,194627.89
75.34,2,Rural,101658.02
169.43,7,Suburban,417942.93
113.76,5,Downtown,442058.26
98.07,4,Industrial,181882.76
126.4,5,Suburban,312469.46
140.07,5,Downtown,536201.58
164.7,7,City Center,561604.86
177.94,8,Rural,253045.97
105.61,4,Industrial,206963.88
66.96,3,Suburban,158313.19
103.46,4,City Center,353027.18
130.41,5,Rural,185233.22
81.45,4,Rural,131225.64
81.71,3,City Center,275603.89
133.75,5,Suburban,311214.03
118.05,4,Rural,149639.91
121.31,5,Industrial,231373.82
89.66,4,Downtown,350948.65
110.78,4,Industrial,203837.96
83.03,3,Rural,110434.67
155.61,6,Downtown,607960.78
161.41,7,City Center,554066.92
46.15,2,Downtown,181075.7
82.82,3,Downtown,325772.48
60.14,2,Downtown,229041.9
94.0,4,Rural,137354.04
116.66,5,Suburban,286130.96
62.01,2,Rural,91597.19
83.13,4,Suburban,206069.21
79.84,3,City Center,274389.12
128.29,5,City Center,425853.08
122.77,6,City Center,428549.32
91.13,3,City Center,296943.49
127.07,5,City Center,438523.5
98.13,4,Industrial,189137.19
109.13,4,Rural,155451.8
186.94,7,Suburban,438928.17
173.62,8,City Center,596261.33
68.02,3,Industrial,139883.13
153.19,6,Industrial,292633.95
152.46,5,Industrial,281284.79
74.07,4,Rural,111167.47
152.75,7,City Center,524972.32
181.52,7,Industrial,348131.92
75.1,3,Industrial,141241.31
83.3,4,City Center,280511.66
160.71,8,Rural,237992.46
130.86,4,Industrial,236357.72
142.06,6,Suburban,343923.1
133.62,5,Downtown,510699.49
135.63,5,Downtown,524623.43
66.94,3,Downtown,266033.9
161.89,6,Rural,222464.71
166.78,7,Industrial,326412.4
110.82,4,Downtown,427887.3
118.26,5,Downtown,469731.23
58.76,1,City Center,179468.1
140.57,6,Industrial,261607.29
142.88,6,Industrial,271879.45
117.51,4,City Center,383878.08
164.97,7,Industrial,321442.2
106.64,3,Suburban,241969.82
142.58,6,Rural,207109.24
79.21,2,City Center,267506.28
119.06,5,Downtown,462267.7
113.03,4,Industrial,214485.74
129.01,5,Suburban,305954.63
105.22,4,Suburban,246954.85
114.74,4,Rural,159028.1
153.04,6,Suburban,367912.77
102.53,3,Industrial,176216.15
55.74,3,Industrial,117565.37
189.98,8,Suburban,458831.71
175.26,8,Industrial,338872.24
68.31,3,Industrial,129411.24
147.59,6,Downtown,580349.09
99.88,3,City Center,334382.03
130.54,6,Industrial,256780.23
131.77,6,Industrial,251321.45
110.62,4,Rural,151367.69
88.65,4,City Center,315470.12
92.38,4,City Center,311644.07
83.35,3,City Center,272556.97
86.73,4,Suburban,222631.22
117.31,4,Downtown,450499.04
91.37,4,Downtown,366476.6
147.28,5,Rural,199698.08
179.49,7,City Center,613302.54
96.8,3,City Center,328683.61
129.58,6,Industrial,246849.27
139.99,5,Suburban,333977.81
138.88,5,Suburban,325219.18
123.04,5,Rural,169158.21
149.71,6,Downtown,582460.54
139.29,5,City Center,472120.87
70.49,2,Rural,98750.5
154.77,7,Suburban,375704.49
155.49,6,Suburban,379455.27
89.47,3,Suburban,205424.11
121.52,5,City Center,414516.54
147.33,6,City Center,503054.48
111.63,5,City Center,381762.34
162.92,7,Industrial,324188.68
214.55,8,Downtown,821470.15
88.56,3,Suburban,207446.12
64.76,3,Suburban,167824.43
132.15,5,Industrial,255475.12
148.86,7,Suburban,368279.0
110.77,3,Suburban,261408.69
178.13,7,City Center,609804.28
66.46,4,City Center,243494.3
147.72,6,Downtown,585034.61
95.77,4,Suburban,237224.13
188.78,8,Rural,267987.12
199.7,8,Suburban,474597.23
89.33,3,Suburban,212517.47
98.02,4,Downtown,380061.0
154.38,6,Rural,211705.52
104.51,5,Suburban,252172.55
118.18,5,Rural,171995.55
121.02,5,City Center,420900.61
43.21,2,City Center,145317.22
119.45,5,Rural,160828.49
92.41,3,Suburban,214349.78
100.28,4,Rural,137389.09
177.75,7,Rural,247179.28
69.74,2,City Center,220924.17
152.53,6,Rural,208525.21
108.84,4,Industrial,201224.22
108.81,5,Industrial,214605.39
151.61,5,City Center,509379.63
133.6,5,Suburban,326182.1
142.82,7,Suburban,357778.04
158.73,6,City Center,543881.16
106.75,5,Suburban,262254.33
95.51,4,Downtown,366990.86
76.59,3,Industrial,140615.97
86.98,2,Downtown,314566.53
237.96,8,Downtown,912602.22
169.79,6,Downtown,657022.14
65.96,2,City Center,212678.08
67.1,2,Downtown,263209.89
139.27,6,Rural,205283.64
141.89,7,Suburban,362927.18
141.96,6,City Center,493064.06
109.8,4,Rural,142902.77
114.98,4,Rural,146635.83
133.12,6,Industrial,266187.77
123.44,6,Industrial,235547.58
31.23,1,Rural,38546.99
110.81,3,Industrial,189785.02
85.94,4,Suburban,211060.49
127.01,6,Suburban,311122.91
239.41,8,Industrial,440262.54
134.7,5,Downtown,516507.43
107.46,5,Rural,163784.81
156.87,6,Suburban,376586.12
139.31,5,Industrial,259894.27
136.8,6,Industrial,261837.67
144.27,6,Suburban,345303.05
202.26,7,Suburban,475653.49
74.76,2,Downtown,277264.62
138.95,6,Industrial,270029.92
82.94,4,Industrial,169260.13
142.22,6,City Center,495549.52
83.25,3,Downtown,330800.89
103.31,4,Suburban,248625.65
108.2,4,Suburban,259064.81
159.03,6,Rural,212008.67
156.74,5,Suburban,371331.36
70.17,2,Industrial,127147.96
122.2,5,Suburban,290989.73
91.62,4,Industrial,184951.21
69.66,3,Industrial,137893.71
111.32,5,Downtown,448569.61
107.66,5,Suburban,273313.38
217.07,8,Downtown,842565.31
137.32,6,Industrial,274258.59
64.9,3,Suburban,151982.6
97.41,3,Suburban,227082.08
160.86,7,Downtown,624084.66
203.54,8,Downtown,799464.99
56.56,2,Industrial,104934.0
44.8,3,Industrial,89382.54
194.84,7,Suburban,466793.21
135.58,5,Suburban,324761.13
85.27,4,City Center,294508.87
141.39,6,City Center,476842.49
30.0,2,Rural,43756.0
120.14,5,Industrial,226263.53
133.11,5,Rural,181735.85
156.97,6,Rural,211464.81
79.44,2,Downtown,289333.57
123.43,4,Downtown,468534.2
82.98,4,City Center,281170.04
130.22,6,Rural,185379.35
84.19,4,City Center,283412.44
103.68,3,Industrial,178725.95
80.17,3,Suburban,199304.77
146.05,5,Downtown,570311.07
154.34,7,Industrial,305892.07
110.62,4,Industrial,208452.77
121.53,4,Downtown,458693.32
62.06,2,Downtown,237008.2
108.01,4,Rural,138287.93
117.99,5,City Center,406270.45
224.83,8,Industrial,407961.59
75.52,2,Rural,91575.32
178.57,6,Rural,229376.09
159.87,6,Industrial,303026.53
131.23,5,Industrial,245891.18
190.34,7,Suburban,440725.64
134.88,6,City Center,464925.66
135.57,6,Industrial,273041.55
117.88,5,Downtown,465062.11
168.94,7,Suburban,409288.51
163.86,7,City Center,566613.31
94.97,3,Downtown,371444.18
67.23,2,Downtown,259322.39
111.88,5,City Center,393007.32
88.0,4,Suburban,220692.91
117.46,5,Downtown,457553.56
169.5,6,Rural,232080.53
101.71,4,City Center,335274.8
118.29,4,City Center,399118.19
122.32,5,Industrial,234967.36
153.94,7,Suburban,381381.47
30.12,1,Rural,39638.43
95.73,3,Rural,121379.99
128.45,5,Industrial,234188.02
168.0,7,Downtown,666653.05
100.32,4,Downtown,397748.66
44.94,2,Rural,74063.89
144.79,6,Suburban,347325.92
94.59,4,Downtown,361620.27
72.41,2,City Center,244826.0
95.03,4,Industrial,184771.28
112.62,4,Suburban,264999.97
95.81,3,Downtown,368552.75
31.78,1,Rural,41008.36
155.88,6,Industrial,290432.97
171.0,7,Downtown,673111.51
146.06,6,Rural,208333.88
74.49,1,Downtown,277278.01
111.94,4,Industrial,203061.51
119.74,5,City Center,405623.44
143.95,7,City Center,506149.33
146.73,5,Rural,201626.62
90.63,4,City Center,302087.14
123.28,6,Industrial,247992.73
138.29,5,Rural,185436.22
178.23,7,Downtown,689742.13
148.18,6,Suburban,346959.52
151.56,6,Downtown,593600.94
123.35,5,Industrial,237238.6
176.42,7,Rural,247942.37
136.39,7,Downtown,551683.79
85.56,4,Rural,135516.48
176.13,8,City Center,607549.4
147.92,6,Suburban,360189.26
102.28,3,Industrial,183234.36
100.82,4,Downtown,384740.98
131.86,6,Suburban,332134.04
138.53,5,Industrial,260312.09
127.89,6,Industrial,247290.54
132.45,6,City Center,449184.04
188.0,8,Rural,274921.29
162.86,6,Rural,229086.73
127.63,5,Suburban,302452.85
157.65,6,City Center,527395.27
78.7,4,Industrial,167933.57
135.92,5,City Center,459890.25
192.37,7,City Center,648334.76
111.28,4,Suburban,265480.33
86.09,3,Rural,126015.64
93.92,4,City Center,318465.33
76.41,4,City Center,275332.04
88.61,3,City Center,292646.57
105.18,3,Downtown,392414.87
63.78,4,City Center,226070.96
120.62,4,City Center,393963.2
156.09,6,Industrial,289741.63
83.69,4,Downtown,329736.13
180.77,7,City Center,605635.07
140.43,6,City Center,483068.05
161.22,7,Suburban,401379.45
93.69,4,Suburban,218589.24
154.18,6,Downtown,594518.53
76.32,4,Industrial,156653.97
155.61,5,Downtown,593567.65
126.87,5,Downtown,493963.51
142.13,5,Suburban,336496.1
72.98,4,Suburban,178749.43
84.2,3,Industrial,147113.81
143.89,5,City Center,480101.39
82.07,4,Industrial,161025.12
138.53,6,City Center,478301.76
65.31,3,Rural,97383.49
153.93,6,Suburban,357865.94
70.7,3,Rural,96593.07
142.09,6,Rural,211493.0
145.03,6,Suburban,347442.47
92.13,4,Rural,138231.13
143.28,5,Downtown,542172.72
130.42,5,City Center,450775.07
98.45,4,Industrial,189601.49
79.66,3,Suburban,191081.63
41.49,1,Downtown,158524.4
133.99,5,Industrial,255842.0
57.41,1,Industrial,103497.83
123.81,5,Industrial,233128.65
109.46,4,Rural,150156.07
147.17,6,Rural,205307.71
107.92,4,Rural,139683.18
106.82,4,Rural,152059.09
149.27,7,Downtown,588239.9
133.4,6,Rural,185693.32
132.65,6,Suburban,320158.48
138.77,5,Industrial,256585.06
58.58,3,Downtown,235603.9
150.27,6,Rural,212018.55
144.5,6,Industrial,284716.13
79.33,3,Downtown,298971.36
110.24,4,Industrial,197440.17
118.43,5,Downtown,470911.98
114.62,5,City Center,384151.39
133.35,6,Downtown,520426.4
177.25,8,Rural,259833.67
163.27,7,Industrial,306548.0
67.51,2,Industrial,120035.85
144.88,6,Industrial,271233.2
173.16,7,Suburban,423921.67
135.47,6,Suburban,333212.68
163.64,6,Rural,224483.22
200.49,8,City Center,680110.45
160.95,7,Suburban,386269.76
129.97,5,Downtown,506136.2
161.8,6,Rural,230766.54
125.8,6,City Center,445192.54
120.96,5,Downtown,470904.43
105.94,4,Industrial,202186.15
182.54,7,Suburban,431818.07
87.26,4,Downtown,354412.99
181.29,7,City Center,623349.13
139.99,5,Rural,186728.56
64.03,3,Downtown,257957.14
134.71,6,Rural,192955.97
36.0,2,Industrial,72648.41
145.02,5,City Center,491547.96
155.41,7,City Center,543352.78
96.31,4,Suburban,232375.52
124.94,4,City Center,415718.72
198.17,8,Downtown,776424.04
99.77,5,Downtown,393918.46
77.64,3,Downtown,303356.94
179.27,7,Industrial,334102.8
198.5,8,City Center,668486.46
120.15,4,City Center,397869.48
160.46,6,Downtown,620223.82
173.66,6,Suburban,412020.07
90.3,4,Suburban,217087.26
100.59,4,City Center,338253.3
169.23,8,City Center,591818.94
187.4,8,Rural,275728.57
142.52,5,City Center,473518.7
84.81,3,Downtown,330272.99
199.48,8,Industrial,385081.67
98.76,3,City Center,329454.49
106.59,6,City Center,386100.47
133.69,6,Downtown,523448.3
182.17,7,Rural,255057.42
154.16,6,City Center,529272.12
136.59,6,Suburban,333876.24
138.53,5,Suburban,317309.08
121.74,5,Suburban,294490.17
142.33,6,Industrial,265659.37
30.0,1,Industrial,56523.0
108.14,4,City Center,369935.1
129.65,6,City Center,454234.63
73.96,3,City Center,249335.31
135.45,6,Industrial,255239.4
111.82,5,City Center,378797.45
190.22,8,Downtown,748853.6
182.92,7,Rural,243864.79
101.37,4,Suburban,238096.55
113.97,4,Suburban,272570.98
117.04,5,Downtown,454931.34
101.93,4,City Center,345044.86
127.8,5,Industrial,242617.5
89.67,5,City Center,318515.15
74.78,2,City Center,247090.16
144.91,5,Suburban,344707.9
145.18,6,Suburban,354365.37
87.83,4,Industrial,171607.05
155.81,6,Suburban,361961.43
94.74,4,City Center,323666.67
130.13,6,Downtown,516812.13
152.81,6,Industrial,298549.64
118.66,6,Downtown,478512.24
138.19,5,City Center,459224.91
99.34,4,Industrial,191424.22
112.14,5,Downtown,435159.68
111.77,5,Industrial,214779.43
90.14,4,City Center,305345.6
112.93,4,Industrial,199808.55
58.06,3,City Center,194872.8
100.35,4,Industrial,183214.78
108.6,5,Industrial,210401.47
109.75,5,Suburban,279255.62
110.34,4,City Center,380907.31
117.53,5,Rural,163709.43
139.18,5,Industrial,262777.49
154.98,6,Downtown,594991.39
94.01,4,Suburban,226155.78
71.87,3,Suburban,167714.93
78.32,4,Industrial,150434.34
100.51,4,Rural,148624.88
105.92,4,Suburban,251939.29
89.2,4,City Center,310551.47
68.16,2,Industrial,112259.0
101.76,4,Industrial,185215.75
127.26,6,Rural,180312.06
143.8,6,City Center,488204.54
97.7,4,City Center,324767.23
103.48,4,Rural,137431.09
82.93,3,Downtown,317561.24
118.74,5,City Center,406160.3
86.06,4,Downtown,343498.99
142.93,5,Downtown,544374.89
48.57,2,Industrial,94271.01
105.61,4,Industrial,190136.22
132.04,4,Suburban,305476.59
127.35,5,Industrial,250745.07
227.72,8,City Center,756511.04
133.99,5,City Center,443962.0
79.84,3,Downtown,302976.36
116.18,5,City Center,405629.29
48.95,2,Industrial,93071.22
116.78,5,Industrial,218950.02
86.68,4,Industrial,174431.64
156.62,7,Rural,235470.61
98.02,3,City Center,328339.17
115.33,5,Suburban,277317.73
94.58,4,City Center,316777.06
189.55,8,City Center,642545.16
107.15,4,Rural,156474.29
193.3,8,City Center,665257.85
152.57,6,Downtown,602185.25
139.28,5,Industrial,264686.0
134.75,5,Industrial,261309.99
135.75,5,Rural,194598.89
42.89,2,Industrial,77710.65
108.84,5,Downtown,429483.32
153.81,7,Rural,223922.32
118.04,4,Suburban,268876.23
63.79,3,Industrial,119813.61
117.9,5,City Center,397317.47
188.16,8,Downtown,746498.77
169.88,7,Downtown,663330.84
117.52,5,Industrial,216499.76
158.06,6,Suburban,376320.94
105.34,4,City Center,356852.16
51.85,2,Suburban,114443.27
83.02,4,Suburban,209917.72
182.52,8,Industrial,351261.33
109.04,4,City Center,364326.83
110.26,5,Industrial,215076.96
108.01,4,Industrial,199947.71
196.17,8,Downtown,774924.12
185.04,7,Industrial,343515.53
208.75,8,Rural,294521.21
113.64,4,City Center,390781.57
131.82,5,Downtown,508022.43
59.33,2,City Center,196631.89
179.08,7,Downtown,703936.82
73.29,3,Rural,106157.82
128.67,6,Industrial,259609.53
76.11,4,Downtown,305596.65
96.45,3,Downtown,365587.64
86.51,3,Downtown,339055.26
95.68,4,Rural,142357.99
98.44,4,City Center,342068.28
98.07,5,Rural,150234.25
153.33,6,Downtown,597709.75
75.81,3,Downtown,294889.21
128.82,5,Industrial,240118.49
168.72,6,Rural,220676.37
99.47,4,Rural,139791.15
91.28,3,Suburban,204749.49
110.78,4,City Center,366111.04
167.19,5,Suburban,388650.02
127.76,5,Suburban,296305.61
98.75,5,City Center,338820.28
139.36,6,Industrial,269127.6
75.91,2,Industrial,134815.47
147.25,6,City Center,499167.14
136.34,5,City Center,449110.88
107.69,4,Rural,139268.66
86.46,4,Rural,130522.57
84.53,4,Rural,122499.76
141.39,5,Rural,189231.69
169.16,7,Downtown,654219.27
94.51,5,Downtown,388645.92
138.34,6,Industrial,271416.2
36.52,3,Downtown,166820.22
96.62,3,Downtown,359117.52
118.76,6,Rural,179496.64
83.61,3,Rural,106285.66
82.54,3,City Center,272912.24
93.29,4,Rural,125006.82
131.69,5,City Center,445687.13
112.51,5,City Center,378748.52
30.47,1,Downtown,117249.63
35.17,1,Rural,37011.99
95.73,4,Downtown,381919.88
138.31,6,Rural,205227.46
30.0,1,Downtown,124689.0
100.01,4,Downtown,387161.78
98.95,5,Downtown,395681.3
175.53,6,Industrial,331655.27
104.6,4,Downtown,403683.95
135.32,5,Suburban,314166.12
125.65,5,Suburban,291599.57
34.78,2,Suburban,98324.68
150.73,5,City Center,504774.87
128.62,5,Downtown,494118.51
140.33,5,Suburban,325348.49
277.05,8,City Center,905319.52
36.64,2,Suburban,96337.96
188.99,7,Rural,252682.87
108.5,4,Industrial,201865.15
131.49,5,Downtown,507468.05
118.18,4,Industrial,217210.27
103.03,4,Industrial,187245.82
97.21,4,Rural,144595.68
133.18,5,Rural,191265.35
59.31,3,Rural,98999.05
150.02,6,City Center,513408.5
103.35,4,Suburban,252538.45
74.8,3,Downtown,301540.29
102.0,4,Rural,143083.49
170.29,7,Downtown,659162.89
98.59,4,Downtown,383359.09
134.34,6,Downtown,533320.51
90.76,4,Rural,122898.75
150.32,6,Rural,216730.87
147.42,6,Suburban,350788.62
193.94,8,Rural,278637.35
112.98,4,Rural,159076.44
146.75,6,Downtown,579821.67
123.92,5,Suburban,306034.4
171.83,7,Industrial,321321.31
91.25,4,Rural,134223.7
149.8,7,Rural,221420.21
112.21,4,Industrial,198774.16
117.43,5,Downtown,467845.66
123.67,5,Suburban,287407.2
130.09,6,Downtown,507175.66
115.35,4,City Center,394238.51
128.59,5,Rural,181342.53
183.12,7,City Center,620997.17
159.42,6,Rural,216971.99
154.77,6,City Center,522617.55
101.78,5,Industrial,198562.63
84.43,3,Rural,117450.37
158.21,7,Rural,230414.02
155.04,6,City Center,520640.62
178.91,8,Suburban,428180.65
95.84,3,City Center,323162.32
110.82,6,Rural,176279.05
54.42,3,Rural,89317.63
104.3,4,Suburban,257626.31
159.86,5,Downtown,599577.87
101.34,4,Suburban,240974.37
145.62,5,Downtown,554174.17
112.38,5,Rural,169548.88
132.96,6,Industrial,264195.42
74.09,2,Industrial,136613.52
123.41,5,City Center,422362.13
30.0,2,Suburban,84334.0
112.52,5,Suburban,283878.31
54.78,2,Industrial,107285.61
168.24,6,Downtown,654874.23
151.1,7,Suburban,380941.59
138.67,5,Downtown,530034.94
180.84,7,Downtown,700357.87
82.04,4,Downtown,326709.69
189.89,8,Downtown,745687.85
157.29,6,City Center,531076.99
110.54,6,City Center,392935.37
165.42,7,Industrial,324023.21
75.75,3,City Center,258280.78
87.02,3,Suburban,208098.87
95.66,5,City Center,344842.23
98.84,4,Suburban,241288.78
77.74,3,Suburban,177809.39
168.92,6,Downtown,657327.63
109.65,4,Industrial,214241.74
134.1,6,Downtown,519552.7
97.19,4,Downtown,370380.81
47.18,2,City Center,162847.6
130.8,6,City Center,454089.88
43.51,3,Suburban,109981.6
117.25,5,City Center,394090.91
65.27,2,City Center,208586.2
199.49,8,Rural,282976.04
156.45,6,Suburban,363712.02
124.23,5,Suburban,301013.3
170.55,6,Rural,235130.27
86.15,4,Suburban,213387.72
141.74,6,Industrial,269004.76
127.99,4,Industrial,236798.63
130.56,5,Rural,187119.8
170.89,7,City Center,582318.42
149.3,6,Industrial,289255.53
131.55,6,Rural,193743.95
53.8,2,Industrial,96397.75
81.6,3,Downtown,309125.52
115.09,5,Rural,171314.64
123.73,5,Suburban,305396.79
74.79,3,Industrial,142533.78
216.47,8,Suburban,516416.13
180.66,8,Rural,256111.76
144.08,6,Industrial,269540.1
122.88,6,Suburban,302847.95
111.51,5,City Center,383866.92
81.92,3,City Center,270576.78
123.1,6,Downtown,488233.27
130.31,5,Rural,172250.1
70.33,2,Suburban,151315.15
133.37,6,Downtown,519287.7
113.79,6,Rural,180831.64
43.69,2,City Center,152093.09
85.58,3,Suburban,204307.2
103.46,4,Industrial,199784.67
195.51,8,City Center,672168.52
142.26,6,Industrial,274038.19
66.58,3,Industrial,134499.11
139.44,6,Suburban,335380.9
58.11,3,Suburban,150004.68
163.31,6,Industrial,314386.46
101.16,5,Downtown,406237.55
116.25,5,Industrial,233103.83
173.03,7,Industrial,336041.8
68.51,3,Suburban,158744.91
64.12,3,Rural,84240.27
96.66,4,City Center,336014.08
161.54,7,Suburban,402388.31
59.23,2,Downtown,223208.55
30.0,1,City Center,100394.0
101.95,5,Suburban,261895.29
142.07,6,Suburban,341729.26
168.01,6,Rural,220092.47
101.47,4,Downtown,397291.41
103.54,3,Downtown,397458.28
166.16,6,Suburban,396613.06
45.21,1,Rural,50303.33
104.46,4,Suburban,239202.34
127.62,5,Industrial,236991.43
137.97,6,Industrial,267710.12
99.61,3,Rural,127825.73
121.38,5,Suburban,301413.28
30.0,1,Rural,33972.0
93.67,4,Suburban,231019.13
138.14,6,Suburban,337853.7
80.71,4,Industrial,155175.36
122.36,5,City Center,421456.11
137.87,7,Downtown,552890.15
106.3,3,Downtown,409716.11
126.82,4,Rural,167191.55
81.49,3,Downtown,324112.44
111.74,6,Industrial,223323.32
144.41,6,City Center,500764.94
126.28,5,Suburban,311729.84
96.54,3,Suburban,218230.5
128.97,6,Industrial,249678.98
148.58,6,Downtown,573021.37
38.0,2,Suburban,91255.7
166.36,6,Downtown,635769.37
106.55,4,Industrial,209121.72
137.02,5,Suburban,330626.19
167.89,7,Rural,246095.88
65.13,2,City Center,216135.16
91.62,3,Downtown,349311.26
108.46,4,Downtown,416574.18
88.65,3,Downtown,339781.51
189.4,7,Downtown,736049.12
85.73,4,Industrial,169701.67
97.78,4,Industrial,188744.19
128.18,5,Industrial,236438.34
71.91,3,Industrial,130730.03
104.17,4,Suburban,241307.54
132.7,5,Industrial,252663.2
106.69,4,Suburban,261122.17
116.26,4,Rural,159121.53
98.83,4,Industrial,183450.07
59.42,2,Rural,72330.19
132.86,5,Industrial,249703.59
190.2,8,Rural,263602.32
120.74,5,City Center,418201.2
129.01,5,Rural,183933.56
147.71,6,Suburban,346237.82
69.23,3,Downtown,269548.73
188.1,8,Rural,277146.59
128.09,5,Downtown,503267.03
185.27,7,City Center,626839.83
90.68,3,City Center,296489.04
192.72,8,Suburban,474957.95
151.01,6,Suburban,364218.44
142.12,6,Rural,205831.6
129.36,5,Industrial,248901.47
110.06,5,City Center,378262.57
168.02,6,Downtown,653850.43
125.61,6,Industrial,256471.59
41.32,1,City Center,131340.64
75.31,3,Rural,115096.54
112.57,4,City Center,379472.51
132.4,5,Suburban,306999.92
117.74,4,Downtown,454219.61
168.76,7,Downtown,668022.91
41.96,2,Suburban,99962.85
125.74,5,Industrial,232730.28
47.28,1,Suburban,113585.66
150.39,6,Downtown,582730.72
116.22,5,Rural,176022.65
136.78,5,Industrial,251763.6
85.44,3,City Center,286941.04
171.18,8,Rural,256412.6
161.67,7,Industrial,316433.48
143.34,6,Downtown,560776.2
114.82,5,Downtown,443750.59
143.19,6,Rural,198015.29
91.72,2,Industrial,151408.45
154.22,6,City Center,521004.68
185.98,7,City Center,636037.71
162.82,6,Suburban,378125.84
90.82,3,Rural,123950.9
134.46,4,Industrial,241340.04
68.27,3,Rural,98711.34
142.9,6,City Center,494018.84
138.02,6,Industrial,266538.2
45.21,2,Downtown,168593.71
73.53,2,Downtown,286583.26
108.67,3,Industrial,196609.67
107.97,3,Rural,130712.61
71.62,2,Rural,89182.92
135.56,5,Downtown,521596.02
130.06,5,Downtown,505216.31
112.23,4,City Center,373391.7
89.77,4,Industrial,166539.51
161.95,6,Rural,223923.29
186.22,7,City Center,635091.85
100.66,5,Rural,141201.54
95.51,3,Downtown,373744.63
139.65,6,Industrial,273027.46
105.68,4,Suburban,258971.65
114.42,4,Industrial,216449.17
149.59,6,Suburban,362505.25
43.63,2,City Center,157819.27
172.73,6,Suburban,410148.19
122.91,5,Suburban,294675.44
103.54,4,City Center,358074.82
116.43,5,Industrial,215695.95
118.5,5,City Center,409783.52
50.75,2,Downtown,203387.82
179.8,8,Downtown,703313.35
121.65,4,Suburban,281642.05
137.72,5,City Center,455794.26
158.06,6,City Center,531473.97
79.15,3,City Center,266452.51
138.94,5,Industrial,249893.31
109.29,5,Rural,168501.36
153.87,6,Rural,220926.83
34.91,1,Rural,47076.9
116.04,4,Industrial,221852.34
95.89,4,City Center,321555.52
137.29,6,Rural,191136.52
138.8,6,City Center,480886.3
91.69,4,Suburban,222775.93
91.51,4,Rural,139921.05
115.57,5,Suburban,288887.77
84.13,3,Industrial,161197.47
153.68,6,Downtown,595925.72
105.23,4,Industrial,188415.57
30.0,1,Industrial,51490.0
105.01,3,Industrial,179455.68
78.46,4,Rural,125249.25
54.75,2,Suburban,123725.93
70.5,3,Rural,102447.93
124.38,4,Downtown,474122.19
173.15,7,Industrial,326849.45
132.53,5,City Center,439800.14
95.74,4,Downtown,380064.53
138.24,6,Suburban,342081.34
101.64,4,Downtown,393438.36
92.22,4,Rural,134206.99
73.83,2,City Center,243581.48
49.93,3,Rural,86803.85
104.4,5,Industrial,211842.58
126.32,5,Industrial,233351.21
116.14,4,Downtown,447998.69
103.36,4,Industrial,195101.98
82.17,3,Industrial,148688.24
144.33,6,Suburban,356481.7
67.31,3,Suburban,155981.45
151.04,6,Rural,209277.12
79.91,3,Rural,118675.32
89.9,4,Suburban,214365.18
61.33,3,Downtown,251233.07
99.94,5,Suburban,255447.83
159.01,7,Rural,223436.5
140.63,5,City Center,469722.37
159.14,5,Industrial,292900.33
140.89,6,City Center,477454.11
75.85,3,City Center,261868.62
106.77,4,Industrial,209304.65
88.79,4,Suburban,209991.07
173.22,6,Downtown,660071.49
72.13,3,City Center,256062.36
155.75,7,Downtown,624347.68
155.72,7,Rural,222226.15
193.18,8,City Center,663961.42
103.61,4,Rural,153307.54
148.49,6,Suburban,356614.77
211.27,8,City Center,703924.22
95.29,4,Rural,135106.33
58.6,2,Rural,76292.39
44.8,2,Suburban,102918.2
148.51,6,Downtown,578452.68
44.67,3,Downtown,181789.97
105.11,5,City Center,359699.71
137.49,6,Suburban,343490.05
127.41,3,City Center,421740.06
137.02,6,Downtown,540574.28
128.89,5,Suburban,304273.19
171.15,6,Industrial,317294.95
81.91,3,Suburban,200436.69
92.92,3,Suburban,207260.39
89.09,4,Industrial,178312.43
153.21,5,Rural,193547.67
156.02,6,Rural,217557.94
138.05,6,Rural,195569.01
167.34,7,Downtown,656874.11
72.88,3,Suburban,170743.73
186.69,7,Industrial,352782.45
180.93,7,Downtown,698665.41
149.42,6,Industrial,293999.32
191.27,8,Downtown,747121.85
53.74,3,Downtown,226951.75
99.02,3,Downtown,380343.26
90.59,4,Industrial,174204.79
148.86,5,City Center,488434.52
77.99,2,Downtown,297435.3
150.3,6,Rural,200803.81
174.82,7,Suburban,417109.89
147.81,6,City Center,511964.35
131.35,6,City Center,452534.12
80.49,3,Industrial,152569.6
86.13,3,City Center,283300.88
169.98,8,Industrial,334228.13
151.17,6,Industrial,292680.94
118.44,5,Rural,168934.22
103.28,4,Downtown,404811.66
38.97,1,City Center,136082.06
77.17,2,Downtown,289473.66
196.46,8,Downtown,764498.67
68.78,3,Downtown,262896.22
127.58,5,Industrial,247604.79
160.3,7,Downtown,627263.16
69.8,2,City Center,229447.28
127.39,6,Industrial,260733.63
157.52,6,City Center,530804.86
120.5,5,Industrial,223448.96
234.74,8,Suburban,550597.24
53.26,2,Suburban,131913.06
162.35,7,Suburban,385070.28
113.09,4,Suburban,270719.86
150.88,5,Industrial,285213.21
137.65,6,Downtown,549098.0
90.67,3,Rural,112663.75
129.16,7,Rural,198766.86
45.68,2,Suburban,108157.88
144.13,6,Downtown,563007.65
131.93,5,City Center,441162.02
145.55,5,Downtown,564987.42
162.32,6,City Center,537689.2
134.7,5,Rural,184541.79
125.92,6,Downtown,508663.52
84.76,4,Downtown,340600.43
91.51,4,Rural,129503.17
167.47,7,Downtown,663177.85
177.45,7,City Center,593410.25
110.48,4,Downtown,430021.54
121.84,6,City Center,420262.33
83.82,3,Suburban,200999.85
166.91,7,Downtown,649229.96
146.62,5,City Center,490138.02
197.65,8,Rural,274909.7
84.87,4,Suburban,210580.15
104.88,4,Downtown,415142.89
129.26,5,City Center,437572.51
145.86,6,Downtown,564030.54
111.37,4,City Center,377809.88
85.08,4,Downtown,329842.45
155.26,6,Suburban,363233.6
148.85,6,Suburban,352511.83
83.35,3,Downtown,314284.63
174.22,7,Downtown,684320.99
166.81,8,Industrial,333903.92
125.37,5,Downtown,494462.51
123.18,4,Downtown,461345.7
142.16,6,Suburban,335265.62
85.53,3,Downtown,336333.57
121.2,6,Rural,179963.26
33.9,2,Downtown,138203.3
155.06,5,Industrial,274229.34
57.54,2,City Center,183985.81
180.14,8,Suburban,437829.59
106.8,4,Rural,136803.2
111.53,4,City Center,381514.96
94.89,3,Rural,115925.64
108.48,3,Suburban,249719.89
176.74,7,Industrial,343112.88
30.0,2,Suburban,76722.0
171.08,7,Rural,248538.62
133.52,6,Rural,187535.94
71.72,3,Suburban,170567.27
76.99,4,Downtown,302418.26
187.06,8,Suburban,448951.44
82.18,3,Industrial,160565.59
73.87,3,Suburban,183068.96
165.49,7,City Center,562176.75
133.54,6,Downtown,523319.4
82.48,3,City Center,282310.93
128.66,5,Suburban,310928.0
78.97,3,Downtown,298292.62
164.03,7,City Center,571714.57
162.45,7,City Center,550186.52
141.28,5,Downtown,538964.87
134.47,6,Downtown,533684.55
190.45,7,Rural,268485.52
119.99,5,Downtown,476931.09
72.73,2,Suburban,157298.07
137.98,7,Industrial,280237.43
203.44,8,Rural,276482.88
79.41,3,Downtown,314484.67
105.54,5,Industrial,202691.23
136.66,6,Rural,194318.84
117.84,5,Suburban,282654.61
80.71,4,Industrial,163260.79
164.87,6,Downtown,642734.1
212.8,8,Downtown,828336.7
127.85,4,Suburban,304255.52
83.84,3,Rural,104669.27
58.04,3,Industrial,121272.37
130.32,6,Suburban,328043.08
164.16,7,Rural,234340.09
139.01,6,City Center,470512.13
119.9,5,City Center,411573.54
96.43,4,Rural,126717.13
76.31,3,Downtown,294913.09
153.39,6,Downtown,587941.19
156.55,6,City Center,535216.59
58.17,3,Downtown,224968.83
183.59,7,Downtown,703651.46
142.96,6,Rural,197896.85
175.98,8,Rural,246022.79
66.31,3,Downtown,256376.12
65.37,2,Rural,91933.03
114.04,4,Industrial,206557.84
140.11,6,City Center,483326.13
191.85,8,Industrial,360289.65
148.24,6,Industrial,284382.73
110.29,4,Downtown,424096.62
78.95,4,Downtown,319656.31
169.2,6,Industrial,317710.03
81.41,2,Industrial,146069.67
185.14,8,Suburban,456342.48
108.62,4,Suburban,247567.23
183.62,8,City Center,632687.85
147.16,6,Industrial,289522.88
114.52,5,Rural,168502.18
99.22,3,Suburban,229304.29
106.36,4,Downtown,414788.9
137.13,6,Industrial,256427.0
123.09,5,Rural,164373.26
96.25,5,Rural,140248.54
113.37,5,Rural,162126.74
123.14,5,Downtown,472375.78
34.85,1,Suburban,84671.27
138.33,5,Rural,190404.72
80.81,3,Suburban,181646.3
73.87,3,City Center,259138.11
52.51,2,Downtown,206428.79
48.24,1,Suburban,114331.6
65.78,2,Suburban,157147.2
91.64,4,Rural,126345.16
198.13,8,Rural,281793.37
98.96,4,Downtown,392220.85
127.11,5,Suburban,303632.01
136.02,6,Industrial,272568.88
125.24,5,Rural,171221.61
116.9,4,Rural,154845.26
72.19,2,City Center,235475.75
178.04,7,Downtown,690615.86
192.29,6,Suburban,435680.73
52.69,2,Suburban,119156.3
79.04,3,Suburban,180556.71
108.81,4,Rural,148919.59
81.42,3,Downtown,316235.71
140.24,6,Suburban,335208.24
90.87,4,Industrial,177664.67
206.6,8,City Center,705893.73
167.62,7,City Center,566037.83
128.5,5,Suburban,311046.92
161.08,7,Rural,228147.45
164.24,7,City Center,559265.05
97.44,3,City Center,315656.3
87.35,4,City Center,298075.93
123.13,5,City Center,422020.17
154.47,6,Suburban,360988.89
125.56,4,Downtown,487722.46
56.92,2,Downtown,212841.49
87.89,3,Rural,117224.02
117.04,5,Industrial,219552.63
116.97,5,Downtown,460971.82
198.9,8,Industrial,376855.53
64.56,3,Downtown,263119.69
140.22,6,Downtown,556119.49
179.56,7,Rural,250676.52
210.86,8,City Center,716334.97
103.82,4,Rural,143847.1
139.66,6,Downtown,547685.12
142.79,6,City Center,479747.24
127.82,5,City Center,429396.81
116.05,5,City Center,397319.58
137.44,6,Industrial,259004.52
30.0,1,Downtown,111817.0
147.28,7,Suburban,361995.56
125.05,4,Rural,166198.12
111.1,4,Industrial,198367.51
201.87,8,Rural,278654.49
93.0,4,Suburban,219336.28
103.88,5,City Center,360711.88
199.66,7,Suburban,477086.26
86.72,4,Rural,120992.55
98.0,4,Suburban,236546.78
114.12,5,Downtown,452971.44
153.63,6,Suburban,373873.76
128.31,5,Downtown,499096.35
68.29,2,Suburban,152011.97
98.71,4,Downtown,386684.4
95.71,4,Downtown,365217.38
116.91,5,Suburban,287420.32
137.03,5,Industrial,258777.62
136.73,5,City Center,463995.69
48.96,2,City Center,160619.59
162.56,6,City Center,554118.92
130.1,6,Downtown,506910.64
175.38,7,City Center,592449.85
137.77,5,Downtown,525192.77
164.05,6,Industrial,299401.38
138.66,5,Suburban,333331.62
173.85,7,Suburban,415695.06
140.89,5,Downtown,545581.09
116.08,5,Downtown,458807.87
210.9,8,Industrial,403612.08
155.56,6,City Center,517077.45
142.95,6,Industrial,267163.67
68.95,3,Suburban,162062.65
68.47,3,Suburban,170129.39
131.71,6,City Center,449356.86
125.82,5,Suburban,310802.7
95.44,5,Downtown,375423.84
125.64,5,Suburban,299364.62
183.55,7,Rural,244450.08
147.82,6,City Center,493977.3
74.36,3,City Center,251089.98
115.54,5,City Center,401619.94
87.8,5,Rural,132419.34
104.49,4,Industrial,205743.01
103.46,4,Downtown,409049.81
100.89,3,City Center,339709.53
69.79,3,Suburban,174497.17
114.89,4,Downtown,439141.34
97.58,4,Suburban,234635.39
30.0,1,Downtown,116787.0
202.12,8,Downtown,790250.08
163.55,7,Suburban,392706.57
104.95,4,Suburban,250572.94
120.75,4,Downtown,469572.67
73.13,4,City Center,263452.48
187.83,7,Suburban,455434.83
195.89,7,Rural,266657.55
126.27,5,Rural,176683.75
160.94,6,Downtown,628303.29
127.01,6,Industrial,254391.21
66.53,2,Downtown,252043.44
103.53,4,Downtown,412187.73
125.28,6,City Center,443336.36
101.82,3,City Center,341893.27
111.25,4,Industrial,211540.8
116.34,5,Industrial,223365.03
116.76,5,Industrial,219883.29
122.09,5,Industrial,225744.51
77.58,3,Industrial,151038.7
91.32,4,Downtown,353526.74
68.62,2,Downtown,266945.2
159.11,6,Rural,223979.62
35.77,1,Rural,36568.12
166.14,8,Suburban,420232.23
175.45,6,Downtown,679457.92
107.91,4,Industrial,202702.16
30.0,1,Suburban,70856.0
105.55,5,City Center,363437.73
117.43,4,Downtown,446506.22
79.58,4,Rural,125370.07
99.39,4,Downtown,388018.42
181.21,7,Downtown,699226.33
146.6,5,Downtown,558286.8
83.02,4,Downtown,324123.02
56.1,2,City Center,196366.1
106.92,5,Rural,147774.31
111.46,4,Downtown,429603.05
139.85,6,City Center,473164.9
98.59,4,Suburban,231380.66
140.46,5,Downtown,532647.94
197.41,8,City Center,666814.48
152.62,6,Industrial,293081.06
118.08,5,Suburban,280522.92
112.67,4,Rural,146120.98
105.73,5,Downtown,429881.76
167.23,8,Downtown,671192.73
94.91,4,City Center,330048.39
121.81,6,Rural,185864.91
122.05,5,Industrial,228300.87
99.93,3,Suburban,222098.26
65.1,2,Rural,82919.38
132.92,6,Downtown,522214.43
117.56,4,City Center,392834.52
140.01,5,Industrial,256458.43
98.66,4,City Center,328982.96
168.83,7,Suburban,412568.7
84.93,4,Rural,121744.05
188.48,8,City Center,640308.83
50.09,2,City Center,169959.62
137.39,5,Downtown,525101.81
139.02,6,City Center,481198.68
88.18,3,Industrial,170989.58
136.98,6,Rural,195501.76
171.18,7,Suburban,409203.49
31.33,2,City Center,105839.74
140.11,5,Industrial,251371.69
30.0,1,Suburban,77308.0
81.37,3,Industrial,161389.11
185.17,7,City Center,620928.96
96.73,3,City Center,317777.16
73.04,2,Rural,95988.8
112.08,4,Downtown,428180.72
202.72,8,Industrial,385851.38
46.73,2,Downtown,179509.49
77.95,3,Downtown,300507.61
179.9,7,Suburban,432342.53
194.31,7,Suburban,462289.19
115.86,5,Industrial,217821.13
70.44,4,Downtown,288988.62
203.83,8,Rural,278128.74
183.78,8,Downtown,726090.93
147.16,6,Suburban,348976.76
87.5,4,Downtown,350993.67
118.04,5,City Center,406150.48
113.59,5,City Center,399538.79
133.23,5,Rural,189645.05
178.04,6,Industrial,329202.09
155.18,6,Downtown,595016.39
76.9,3,City Center,263633.87
175.06,7,Industrial,329889.79
132.53,6,City Center,450002.86
147.48,6,Industrial,272848.95
178.66,8,Industrial,348759.45
75.54,3,City Center,265030.37
118.57,5,Suburban,280488.95
98.74,3,Industrial,182165.73
57.29,2,Downtown,215401.68
133.87,6,City Center,467391.2
220.46,8,Suburban,521190.52
46.4,2,City Center,157470.67
118.71,5,Rural,173662.78
145.62,6,Downtown,571672.01
124.92,6,Rural,188969.13
115.47,5,Industrial,227417.32
68.03,3,Industrial,127008.02
129.31,5,Rural,169343.47
89.73,4,Rural,124427.44
32.4,2,Industrial,67491.7
167.78,7,Suburban,404283.38
158.34,5,Downtown,607509.01
122.07,5,City Center,412376.32
129.16,6,Rural,187600.99
162.97,7,Downtown,634330.52
128.97,5,City Center,442298.76
156.16,5,City Center,518770.11
108.1,4,Rural,148254.71
172.48,7,Suburban,407917.7
132.83,6,Suburban,334273.86
127.76,6,Downtown,498560.27
69.2,3,Downtown,280598.45
131.48,5,Industrial,250242.35
86.72,3,Suburban,199507.61
94.47,3,Downtown,357279.42
87.38,2,Industrial,143555.46
77.35,3,City Center,259980.81
204.99,8,Downtown,796641.0
173.25,7,Industrial,331295.34
196.81,7,Suburban,462047.4
71.08,3,City Center,250902.6
122.85,5,Downtown,472032.52
68.26,3,Suburban,170222.39
92.17,5,City Center,330899.61
83.27,2,Rural,107209.92
169.58,6,Suburban,399609.72
104.15,4,Rural,137091.81
162.74,7,Downtown,629729.11
144.16,5,Industrial,268502.25
212.15,8,Downtown,829653.43
60.82,3,Suburban,150609.46
170.37,7,Rural,247710.33
165.86,7,Rural,240662.63
81.06,3,City Center,279831.54
160.29,7,Downtown,638951.67
133.45,5,Downtown,514565.29
110.9,5,Suburban,274206.9
87.04,3,Rural,119879.58
91.24,3,Suburban,211470.24
201.99,8,Suburban,483957.97
120.03,5,Rural,171882.31
151.29,6,Suburban,372154.4
88.36,4,Rural,124921.02
88.81,3,Suburban,206682.76
163.28,7,Industrial,310007.09
66.02,1,Suburban,148417.9
103.39,4,Suburban,253332.9
121.36,5,Industrial,224104.64
124.45,5,Downtown,483895.16
112.84,5,Rural,164467.27
135.83,5,City Center,448623.37
147.71,6,Industrial,274212.35
149.39,5,Downtown,580662.26
80.57,2,Suburban,181370.7
108.63,5,Downtown,433012.29
167.79,7,Industrial,329703.77
155.79,7,Suburban,380433.78
65.09,2,Downtown,240910.68
134.06,6,City Center,453867.59
40.87,1,Rural,56610.99
121.88,5,Rural,176971.4
195.91,8,Industrial,379741.02
82.08,3,Suburban,193324.58
86.63,3,Suburban,209918.16
150.56,7,Rural,215007.19
58.29,3,Downtown,234165.79
94.69,3,Suburban,212187.6
143.86,5,City Center,476974.94
94.63,4,City Center,315849.7
110.56,5,Suburban,278328.4
149.77,7,Suburban,369163.86
136.86,5,Rural,178922.84
130.67,5,Industrial,239874.1
106.44,5,Rural,150729.11
134.8,5,Industrial,256374.67
115.05,5,City Center,398117.08
138.31,5,Industrial,259696.34
100.12,5,Rural,155773.72
112.7,4,Suburban,271855.48
80.4,4,Industrial,152761.53
118.6,5,Rural,171421.7
87.56,4,City Center,295866.9
75.44,2,Industrial,130292.21
130.35,4,City Center,434547.34
128.51,5,City Center,426317.77
151.31,6,Downtown,597549.32
102.75,4,Industrial,185454.47
136.32,5,Rural,189709.11
142.03,6,Industrial,269720.85
137.79,6,Industrial,274572.43
86.97,3,City Center,288037.56
125.97,5,City Center,435966.62
134.57,5,City Center,453203.84
120.29,5,City Center,403923.42
36.54,2,Rural,65986.89
126.42,5,Suburban,311293.17
208.5,8,Downtown,810622.35
105.6,5,City Center,359348.29
90.88,3,City Center,310058.75
134.93,6,Downtown,532247.8
132.5,6,City Center,453442.39
167.71,7,Suburban,407145.81
69.69,3,Industrial,129105.91
149.26,5,Downtown,568014.24
143.62,5,Rural,185582.88
114.31,5,Downtown,450647.48
133.55,6,Suburban,330958.99
161.18,7,Rural,239812.3
154.89,7,Industrial,304017.92
74.28,3,City Center,257812.68
152.81,7,Downtown,608989.15
117.41,5,Rural,159426.46
122.91,5,Downtown,474826.37
122.93,5,Industrial,244383.82
113.99,5,Downtown,444833.98
167.67,7,Rural,242294.3
116.65,4,Suburban,264106.56
75.22,2,Rural,102936.15
104.26,4,Downtown,395572.82
127.15,4,Industrial,221105.68
169.17,7,City Center,578821.77
144.12,6,City Center,502009.36
85.98,4,Industrial,162407.88
219.41,8,Downtown,857058.59
130.59,6,Industrial,262282.52
171.02,8,Downtown,676280.7
113.93,5,Rural,165130.42
141.33,6,Suburban,338071.74
153.58,6,Downtown,593676.59
168.73,7,City Center,578542.37
162.29,6,City Center,552111.2
154.89,6,Suburban,369832.76
107.4,5,Downtown,415987.86
97.13,5,Suburban,239238.32
133.3,5,Rural,182808.3
157.33,6,Suburban,375638.25
111.09,4,Rural,155622.17
162.61,7,City Center,554354.64
178.1,7,Rural,254937.67
83.35,3,Downtown,323346.07
86.52,4,Downtown,344524.1
114.38,5,Downtown,443514.49
132.3,6,Downtown,518445.77
99.02,4,Industrial,192348.98
174.09,7,Rural,245717.11
136.96,6,Downtown,533225.36
121.58,4,Suburban,274230.76
62.56,2,Suburban,150882.24
67.37,2,Industrial,121965.05
131.24,5,Rural,171941.37
34.7,1,Rural,38044.17
160.51,7,Rural,228690.5
113.67,5,Industrial,217346.77
249.72,8,Rural,333027.72
212.32,8,Rural,292954.65
112.74,5,Downtown,436846.13
115.75,4,Rural,156451.52
159.82,6,Downtown,628987.41
188.13,8,Downtown,737818.17
54.48,2,Rural,72596.84
48.54,2,Suburban,109640.96
95.12,4,City Center,327905.82
143.31,6,Suburban,338833.01
139.87,7,Rural,208408.94
162.79,7,Rural,239891.86
72.01,3,Suburban,166484.2
30.0,1,Rural,41928.0
154.32,6,Downtown,593376.99
86.87,3,Industrial,155642.22
39.26,2,Rural,61541.49
125.8,4,Rural,162632.55
151.73,5,Suburban,351208.06
115.12,4,Downtown,439852.0
101.69,4,Suburban,244094.13
113.63,4,Suburban,260883.02
105.18,5,Rural,161205.69
66.08,2,Downtown,241287.4
91.41,3,Rural,122993.77
140.85,6,Rural,205008.2
132.87,5,Rural,184373.14
126.72,6,Rural,184930.39
80.19,4,Industrial,160262.09
112.74,4,City Center,386552.62
32.92,1,Downtown,123482.89
127.14,5,Industrial,233787.6
177.15,6,City Center,589589.92
61.03,2,City Center,202314.14
96.56,4,City Center,334702.68
133.16,6,Industrial,265392.41
170.11,7,Downtown,673605.97
102.07,4,Suburban,238006.03
92.31,3,City Center,307590.96
41.24,2,Suburban,111383.15
124.14,5,Suburban,298597.05
201.68,8,Rural,278393.04
131.09,5,Suburban,310704.68
119.11,5,Rural,178982.84
132.88,6,Downtown,529477.52
119.56,4,Downtown,461785.12
87.48,3,Rural,122795.43
152.93,6,Downtown,595462.19
129.03,5,City Center,431979.38
120.7,5,Downtown,473790.86
80.99,4,Rural,130073.36
172.14,7,City Center,585806.95
146.59,6,Suburban,358821.22
97.88,4,Suburban,232026.33
160.07,6,Suburban,381412.99
100.1,5,Rural,155516.17
88.72,3,Suburban,210525.72
89.61,4,Downtown,346545.56
49.16,3,Suburban,129806.52
138.86,5,Industrial,249415.54
46.75,2,Industrial,93561.31
70.86,3,Suburban,176723.49
36.98,2,Suburban,102606.96
116.56,5,Industrial,233943.82
113.99,4,Suburban,266095.36
106.93,5,City Center,379438.45
78.3,4,Industrial,151091.34
73.11,2,Rural,96283.65
138.57,5,Industrial,254887.19
97.98,4,Downtown,385471.73
132.65,6,City Center,462816.0
84.59,3,Rural,122245.05
127.24,5,Suburban,303474.02
172.13,7,Downtown,673784.93
143.45,5,Downtown,545526.21
103.5,4,City Center,354898.34
130.29,5,Rural,184362.96
110.37,4,Downtown,426853.88
120.32,4,Rural,155256.21
106.98,3,Rural,142985.56
113.43,4,Downtown,427890.07
128.48,6,Rural,186727.73
80.27,4,City Center,271401.96
79.36,4,Downtown,311453.96
64.46,2,City Center,207921.89
55.99,2,City Center,186619.47
71.31,3,Rural,108466.69
126.38,5,Rural,171634.5
84.29,4,Downtown,341342.75
140.54,5,Suburban,335819.16
121.39,4,Downtown,460015.92
41.26,2,City Center,139552.49
146.2,6,Rural,207085.02
152.43,6,City Center,523225.84
80.25,3,Industrial,143886.24
136.81,6,Industrial,261986.49
85.74,3,City Center,282598.21
123.91,5,Suburban,301447.63
69.42,3,Suburban,165513.13
48.28,2,Downtown,185409.1
104.69,4,Downtown,410581.59
115.05,5,Downtown,452056.95
104.09,4,Rural,137819.81
72.64,3,Suburban,179502.56
104.0,4,City Center,360385.11
130.77,6,Industrial,261625.69
118.2,5,Suburban,280753.56
127.3,5,Suburban,302774.08
93.2,4,Suburban,229442.78
166.87,6,Downtown,653138.51
72.95,2,Rural,89999.07
139.5,6,City Center,472693.24
167.28,7,Downtown,662186.75
139.24,5,Rural,189089.32
111.9,4,Suburban,259766.06
98.87,4,Rural,141324.12
161.44,6,Downtown,630550.27
63.08,3,Suburban,153846.01
81.2,4,Downtown,329725.6
104.1,4,City Center,350654.07
169.51,7,Suburban,405517.3
135.19,5,Rural,181577.71
81.28,4,Downtown,325764.59
107.59,5,Industrial,214187.54
95.43,3,Rural,134823.07
91.61,4,Rural,124218.44
159.16,6,Suburban,370784.16
65.13,2,Rural,77818.27
184.35,8,Downtown,720033.32
153.13,6,Industrial,280983.78
163.63,6,City Center,551130.4
101.48,4,Industrial,201214.63
114.0,4,Downtown,447080.3
62.67,3,Suburban,151858.85
99.01,5,Downtown,394744.26
139.75,5,Rural,188460.19
171.84,6,Suburban,400357.04
75.71,2,City Center,256868.18
105.38,4,City Center,362588.29
113.95,4,Downtown,448612.11
64.17,3,Rural,87149.43
143.65,6,City Center,493746.91
91.04,3,Industrial,171226.58
112.18,4,Suburban,257183.77
101.92,4,Industrial,187979.04
88.43,4,City Center,309229.38
119.72,5,City Center,417555.6
111.38,4,Downtown,426487.66
105.13,4,Downtown,399681.9
90.86,4,Suburban,217443.07
132.78,5,Downtown,508242.45
186.14,7,Rural,258417.69
125.6,5,Suburban,294724.98
159.84,6,Rural,224529.73
64.39,3,Downtown,250504.93
126.31,5,Suburban,298205.92
76.11,2,City Center,246869.8
60.92,2,Industrial,112857.5
90.43,4,City Center,302909.43
167.68,7,Rural,244583.97
158.0,6,City Center,539118.9
129.72,5,City Center,430882.57
58.69,3,Industrial,116648.97
112.15,4,Industrial,202087.16
132.07,4,City Center,427271.0
127.02,5,Industrial,236970.17
46.25,2,City Center,166547.77
84.39,3,Suburban,196045.57
117.44,6,City Center,413635.67
141.45,6,Downtown,556908.73
32.15,1,Industrial,62364.33
113.52,4,Industrial,217285.56
125.72,5,Rural,179163.95
153.98,6,Rural,205818.48
147.71,6,Downtown,582126.06
143.3,6,Industrial,267307.28
88.0,3,Industrial,165881.57
43.68,1,Rural,63118.91
104.28,4,Rural,145409.89
160.07,7,City Center,548398.82
175.74,7,Industrial,333929.27
148.42,6,Industrial,283927.95
137.17,5,City Center,454677.9
135.19,6,Industrial,262404.38
97.76,4,Downtown,389483.38
114.8,5,Rural,166623.59
186.76,7,Rural,258857.78
82.3,3,Rural,115864.68
184.59,7,Suburban,437066.3
107.12,4,Downtown,406871.06
173.02,7,Downtown,675764.5
63.73,2,City Center,206173.2
143.44,6,Suburban,340937.34
90.53,4,Industrial,181860.79
63.39,2,Downtown,245625.59
128.74,5,Suburban,316669.72
160.38,6,Suburban,382852.74
86.2,4,Downtown,349116.2
60.04,2,City Center,192447.08
116.33,5,Suburban,291734.42
116.5,6,Rural,182375.59
141.93,5,Suburban,326891.57
157.98,5,Industrial,277986.67
117.62,5,Downtown,457305.87
194.22,8,Industrial,379414.2
128.97,5,City Center,442137.17
106.14,4,Rural,149386.94
55.54,2,Downtown,220982.57
109.49,4,Suburban,260767.24
106.54,5,Rural,152129.52
158.41,6,Suburban,383186.38
138.5,5,City Center,469603.03
72.83,2,Downtown,282083.32
126.89,5,City Center,435507.53
146.86,6,City Center,504976.74
181.12,7,City Center,608819.76
155.5,6,City Center,521021.48
150.43,6,Suburban,360642.73
122.4,5,Industrial,237704.16
135.53,5,Suburban,315101.96
169.98,6,Rural,229054.2
66.69,4,City Center,244052.71
106.02,4,Rural,152837.43
89.1,3,Suburban,210420.5
135.17,6,City Center,464637.37
169.21,8,Suburban,420516.77
96.12,4,City Center,328222.09
30.0,1,Suburban,71174.0
103.51,4,Downtown,394828.1
156.54,6,Industrial,295113.42
141.51,6,Industrial,275456.79
137.13,6,City Center,461772.35
108.8,5,Downtown,420882.94
68.84,3,Rural,106224.77
140.61,6,Downtown,551109.21
86.63,3,City Center,292167.18
207.36,8,Downtown,810893.54
142.82,5,Rural,192766.29
96.77,4,City Center,331213.2
95.54,4,Industrial,192956.89
116.28,4,Downtown,456615.81
110.42,4,Industrial,201636.88
164.67,7,Industrial,307532.03
127.46,5,Suburban,296607.29
90.73,4,Rural,139370.73
195.62,8,Downtown,759498.7
121.97,5,Industrial,234759.5
150.75,6,Industrial,284599.38
95.67,4,Rural,142201.94
134.52,5,Industrial,249934.94
132.44,5,Industrial,251731.6
44.41,2,Industrial,89327.04
200.61,8,Industrial,374536.51
171.63,8,Suburban,423882.56
104.11,4,Suburban,247355.37
75.91,4,City Center,272034.63
133.9,5,Downtown,512367.63
123.47,6,Rural,189453.91
134.23,6,City Center,466595.27
127.66,5,Suburban,300420.19
140.25,6,Suburban,339914.28
177.89,7,Suburban,431862.46
142.72,6,City Center,493648.38
78.01,3,Suburban,189557.56
174.5,7,City Center,590979.54
185.62,8,Suburban,444612.17
246.08,8,Industrial,458530.4
75.06,3,Industrial,150791.36
129.72,5,Downtown,508143.48
36.72,2,Suburban,100499.1
142.13,5,Downtown,551755.88
98.07,4,City Center,343509.96
196.94,8,Downtown,773696.41
89.02,3,Suburban,200047.8
52.43,3,City Center,181521.04
101.15,4,City Center,335632.35
40.98,2,Industrial,89211.73
150.04,5,City Center,496662.93
37.4,1,City Center,116856.03
121.14,5,Downtown,475239.06
36.89,2,City Center,123130.58
107.19,5,Rural,154479.09
185.74,7,Industrial,345857.69
134.43,6,Industrial,255558.87
85.46,4,City Center,290616.77
118.75,5,Downtown,457570.51
120.72,5,Industrial,224937.01
138.91,5,Industrial,248407.82
65.33,3,Rural,101251.67
143.7,5,City Center,472468.07
30.0,1,Industrial,51805.0
94.8,4,Industrial,184134.93
100.47,4,Industrial,192697.57
145.33,6,Industrial,271044.61
120.91,5,Downtown,474261.32
63.78,2,Suburban,137811.96
80.6,2,Rural,102251.27
127.95,5,Downtown,487859.2
116.84,5,Rural,174555.31
96.84,3,Industrial,182307.55
100.77,3,Rural,136120.65
147.85,6,City Center,507129.16
99.29,4,City Center,334876.89
116.48,5,Suburban,287432.7
206.8,8,Suburban,489679.93
63.05,3,Rural,83286.69
45.93,1,Downtown,167576.02
151.34,6,Downtown,594757.55
92.85,4,Industrial,172488.42
107.27,5,Downtown,417846.75
88.75,3,Suburban,207116.49
109.61,5,Downtown,436189.98
183.94,8,Industrial,353652.29
152.09,6,City Center,520439.42
154.49,6,Downtown,604749.29
63.35,2,Downtown,232378.21
73.95,3,Suburban,184324.7
30.0,1,Rural,49416.0
87.62,3,City Center,295993.3
158.27,7,Rural,225912.13
140.68,6,Industrial,278510.79
111.14,5,Industrial,215362.2
119.11,5,Rural,173523.99
92.44,4,Suburban,216763.16
128.19,5,Suburban,315803.71
150.64,6,Suburban,361699.26
55.36,2,City Center,188306.59
131.99,4,Industrial,244197.86
157.3,6,Industrial,303586.09
103.4,3,Industrial,178333.98
148.03,7,City Center,519886.07
232.59,8,Industrial,435001.27
115.83,5,Rural,166729.29
135.73,6,Downtown,526471.99
90.48,4,City Center,312053.15
127.25,5,Downtown,487207.16
138.41,6,Rural,206818.86
127.79,5,Suburban,301323.39
79.21,2,Suburban,173417.37
128.25,5,Suburban,307611.94
178.49,7,City Center,609860.51
137.95,5,Suburban,319103.86
158.48,6,City Center,535793.46
110.52,5,City Center,377766.56
150.0,6,Downtown,584630.03
131.17,5,Suburban,308794.43
81.96,3,Industrial,162082.36
132.74,5,Suburban,316574.68
80.33,3,Suburban,194405.27
94.68,4,Suburban,230632.58
127.57,5,Industrial,231664.7
131.89,6,Industrial,249218.66
72.43,4,City Center,267043.1
162.16,7,Industrial,321197.15
142.88,6,City Center,479512.75
91.81,3,Downtown,349698.02
58.5,2,City Center,195284.82
114.2,5,Suburban,285821.63
102.16,5,Rural,152088.25
124.53,6,Rural,190016.62
105.48,4,Suburban,247855.67
39.7,1,City Center,123547.18
104.47,4,Suburban,254222.24
107.78,3,Industrial,185329.85
145.35,6,City Center,503699.32
92.07,4,Suburban,220697.03
187.15,7,Industrial,357646.48
43.53,2,Industrial,80109.57
172.45,8,City Center,595071.1
111.03,4,Downtown,419178.34
154.38,7,Downtown,617235.88
123.19,6,Industrial,243926.09
165.58,7,Downtown,647232.78
104.51,4,Industrial,190231.28
76.06,3,Downtown,287391.14
176.82,7,Industrial,329225.26
115.46,4,Industrial,215304.16
128.86,6,Industrial,247828.51
169.39,7,Industrial,319956.11
78.72,3,Rural,118408.79
143.82,5,Downtown,545815.73
96.4,3,Industrial,174014.31
114.71,5,Suburban,276270.45
122.89,5,City Center,426347.48
59.99,2,Suburban,142395.25
88.85,4,Suburban,222862.04
174.04,7,Rural,241591.92
155.45,7,Downtown,612759.77
117.49,4,Rural,158557.42
129.72,5,Downtown,510807.28
108.23,5,Industrial,210948.45
174.26,7,Rural,236269.34
111.99,5,City Center,381170.69
129.27,5,Downtown,510988.89
165.84,8,Rural,239709.21
88.91,4,City Center,306245.42
182.35,8,Suburban,449063.13
58.78,2,Industrial,104809.32
185.19,7,Industrial,354514.53
105.09,5,Suburban,255149.95
110.29,5,Rural,169864.05
44.4,2,Suburban,100101.19
101.81,4,City Center,343173.63
78.41,4,Downtown,305273.09
95.69,3,Rural,129084.15
114.51,4,Downtown,444511.46
158.31,7,Suburban,391499.33
128.3,5,Industrial,246423.2
132.31,6,Downtown,531982.73
76.18,3,Downtown,304889.29
84.77,4,Industrial,161259.75
191.95,7,Downtown,734640.5
90.59,4,Downtown,355148.86
186.25,8,Industrial,361394.5
110.28,5,Industrial,214666.33
120.09,6,Suburban,309056.03
162.81,7,Suburban,405277.21
170.88,7,Downtown,669857.94
115.57,4,Rural,164244.5
104.47,4,Suburban,255998.56
117.76,5,Suburban,285596.36
133.52,6,Rural,189775.3
155.65,6,Rural,206663.15
120.17,5,Industrial,236869.79
144.76,6,Suburban,358921.9
185.53,7,City Center,636596.17
135.25,6,City Center,457930.15
132.47,5,Downtown,507015.4
59.24,2,Suburban,147199.13
30.0,1,City Center,90797.0
135.54,5,Suburban,318191.06
116.21,4,Suburban,276008.06
99.41,4,City Center,343212.08
129.74,5,Suburban,307172.42
117.58,5,Rural,170252.85
165.11,7,Downtown,656862.24
123.44,5,Industrial,243013.65
90.12,4,City Center,311923.21
159.61,6,Industrial,308903.97
111.31,4,Downtown,437032.65
141.06,6,Rural,195932.47
100.9,4,Rural,144257.57
94.01,4,Rural,129295.92
123.37,6,Rural,191311.73
120.51,5,City Center,417370.44
139.19,6,City Center,473865.24
109.25,5,Suburban,275466.34
46.55,2,Suburban,117007.22
102.69,5,Downtown,409345.66
151.75,6,Suburban,366267.48
108.1,4,Downtown,418917.35
110.14,4,Downtown,419530.32
159.46,7,Downtown,626814.71
91.52,4,Rural,138895.07
58.29,2,Industrial,99551.81
113.57,5,Industrial,229187.13
100.63,4,City Center,337776.13
81.35,3,Downtown,315445.52
112.98,5,Rural,171888.86
139.66,5,Suburban,336655.45
119.63,5,Suburban,293915.92
132.28,5,City Center,437801.73
192.54,7,City Center,639742.92
106.28,4,Downtown,404240.96
131.13,5,Downtown,501771.81
99.63,4,Suburban,233173.93
86.15,3,Suburban,203507.22
96.6,4,Suburban,224615.39
100.85,4,Suburban,244894.31
134.38,5,Industrial,252738.55
213.96,8,Downtown,826533.61
91.36,4,Downtown,359562.92
103.33,4,Suburban,243782.98
117.48,6,Rural,175617.08
135.83,5,Suburban,325441.91
130.54,4,City Center,439398.1
171.36,7,Rural,235730.83
30.0,1,City Center,102679.0
30.0,1,Rural,40786.0
100.16,3,City Center,333506.62
163.89,7,Suburban,397722.02
57.37,3,Suburban,146441.16
30.0,1,Rural,41051.0
142.85,5,City Center,472519.53
129.75,6,Industrial,260230.43
76.39,3,Rural,100881.66
80.58,3,Rural,117814.42
81.21,3,Downtown,310612.88
124.42,4,Rural,164324.41
94.95,3,Industrial,176988.08
139.76,6,Suburban,345313.11
30.0,1,City Center,107440.0
85.73,4,Downtown,332300.74
74.96,3,City Center,262165.52
109.75,4,Suburban,266325.75
98.48,3,Rural,135430.09
151.91,7,Industrial,291368.63
45.63,2,Downtown,183653.85
121.82,5,Industrial,233247.49
142.33,6,Industrial,276001.19
194.27,8,Industrial,362706.85
100.73,4,Industrial,196996.04
132.98,5,Suburban,306673.69
47.85,2,Industrial,85113.23
30.0,1,Industrial,60370.0
153.79,6,Suburban,371534.95
119.78,5,City Center,418434.76
167.14,6,Suburban,393376.02
65.06,2,Rural,84705.88
140.8,6,Suburban,349431.17
194.75,8,City Center,661293.14
136.79,5,Rural,177319.22
131.06,4,Rural,163330.26
120.34,5,Downtown,477913.85
57.16,2,Industrial,111877.11
174.22,7,Rural,247958.92
95.57,4,Rural,135078.69
140.18,6,City Center,484352.99
57.48,3,Rural,89722.63
72.82,2,City Center,238364.84
177.4,7,Industrial,337823.24
106.11,3,Downtown,408161.68
178.13,7,Downtown,695280.57
116.87,4,Industrial,216535.16
46.32,2,Industrial,83477.13
155.68,6,Suburban,378806.41
96.4,4,Rural,134337.31
147.95,5,Rural,202530.55
121.01,5,Rural,180385.43
58.28,2,City Center,193058.81
126.57,5,Suburban,306231.58
207.85,8,Rural,294258.93
139.72,6,City Center,489075.38
117.7,4,City Center,385715.87
163.01,6,Downtown,629910.08
128.43,6,City Center,441919.22
128.38,5,Industrial,239614.05
76.33,2,City Center,250395.98
129.35,5,Industrial,236048.88
161.42,6,Industrial,305078.6
86.56,3,Downtown,339191.3
176.98,7,Downtown,698711.41
116.33,6,City Center,401042.28
84.49,3,Downtown,333654.27
159.91,5,Downtown,601390.49
108.53,5,Rural,152580.23
150.38,6,City Center,502792.79
108.33,4,City Center,356766.96
117.61,4,City Center,383503.86
139.74,6,Downtown,548569.43
131.64,5,Downtown,519119.59
40.18,1,Industrial,74205.09
75.15,4,Suburban,199266.5
157.18,6,Suburban,372857.8
114.71,5,Suburban,276872.07
99.05,5,Rural,144542.75
65.66,2,Downtown,256626.64
76.81,4,Industrial,163270.82
39.13,1,Industrial,61958.08
115.95,4,Suburban,267806.54
96.06,4,Rural,138931.5
81.34,3,Rural,108350.48
117.28,4,Suburban,275837.13
134.56,5,Suburban,316936.65
203.73,8,Downtown,797884.71
59.52,2,Rural,84710.66
166.38,6,Industrial,309618.86
158.92,7,Suburban,378563.12
88.84,4,Downtown,358202.02
128.13,4,Industrial,239078.16
101.69,4,Rural,150718.67
127.43,5,Suburban,307549.09
180.37,7,Suburban,429624.48
144.22,6,Downtown,573501.87
140.34,5,Downtown,549783.17
102.79,4,Rural,142988.63
60.64,2,Suburban,141790.47
111.66,5,Downtown,439891.45
168.26,8,Suburban,424503.65
58.91,2,Rural,79356.29
77.8,3,Suburban,180032.85
125.05,5,Industrial,229359.06
80.61,3,Suburban,194340.62
88.3,3,City Center,290282.19
103.06,4,City Center,343285.17
65.38,3,Rural,92357.3
81.04,4,Rural,113618.13
148.14,5,Rural,198058.12
67.71,3,Industrial,134964.81
56.09,3,Industrial,119443.67
94.8,4,Suburban,233354.0
149.28,6,Downtown,587821.77
112.12,5,City Center,378799.38
101.42,5,City Center,351310.27
121.77,6,City Center,418259.06
50.17,2,Suburban,122207.41
139.79,6,Suburban,338883.45
135.34,5,Rural,182046.4
103.63,4,Downtown,401771.81
160.24,6,Rural,216852.98
74.9,3,Suburban,172219.31
165.12,6,Industrial,299073.54
126.18,5,Rural,175947.75
106.54,4,Suburban,261543.79
119.21,5,Suburban,292655.11
115.71,4,Industrial,216542.11
168.81,7,Industrial,327652.97
76.93,2,Industrial,126934.25
89.5,3,Downtown,341528.31
161.45,7,Suburban,398269.23
96.18,3,Industrial,177717.9
156.02,7,Downtown,610264.63
187.98,8,City Center,651970.32
103.93,4,City Center,351877.6
147.25,7,City Center,512634.48
73.85,3,Suburban,175156.62
150.19,6,Downtown,579622.66
127.98,6,Downtown,504753.36
138.92,6,City Center,477328.59
94.18,4,Rural,138919.12
53.56,3,City Center,185760.99
140.13,5,Suburban,337162.17
37.46,2,City Center,126101.62
107.31,4,City Center,369130.94
157.65,6,Downtown,608392.46
127.68,5,City Center,431015.73
197.93,8,Industrial,369886.56
161.0,7,Industrial,312015.55
93.84,4,Rural,139144.06
121.09,5,Suburban,294850.07
118.11,5,Suburban,292770.34
56.71,3,Downtown,229008.25
82.38,4,Suburban,204674.09
97.57,4,Rural,133739.56
38.55,2,Industrial,70449.77
121.9,5,Downtown,485811.09
110.04,4,Industrial,210631.69
53.08,2,Rural,67449.24
136.17,4,Downtown,517968.8
148.63,6,City Center,500244.73
129.08,5,Suburban,302917.76
107.04,5,Rural,163000.27
143.66,6,Downtown,561899.9
147.21,6,Industrial,286804.22
132.3,6,Downtown,532941.5
87.02,4,City Center,309305.53
131.06,5,Rural,175022.03
167.82,7,Downtown,649503.29
96.13,4,Rural,136922.84
203.92,7,Rural,272962.57
98.97,4,Industrial,178968.14
121.3,6,Suburban,301191.56
93.1,4,City Center,318016.73
128.93,5,Downtown,494307.92
50.31,1,Suburban,115405.26
98.16,4,Industrial,179634.49
76.32,3,Suburban,180542.3
125.41,5,Rural,166722.53
159.78,6,Rural,216979.9
145.84,5,City Center,485220.74
30.0,1,Downtown,109718.0
201.68,8,Downtown,781839.75
131.81,5,Industrial,247949.8
88.94,4,City Center,310991.1
126.29,5,Downtown,492723.91
127.05,5,Rural,184186.59
93.33,3,City Center,300123.15
127.92,5,Suburban,307847.33
95.7,3,City Center,327061.33
103.83,4,City Center,343334.56
92.55,3,Downtown,348642.92
62.69,3,Industrial,117637.72
125.83,6,Industrial,252333.19
143.41,6,Downtown,566810.92
140.6,6,Downtown,559096.7
152.8,7,Downtown,610005.54
132.97,5,Industrial,250818.41
98.69,4,Downtown,378936.43
153.59,6,Suburban,361525.11
65.7,3,Suburban,163504.6
83.97,4,Rural,121402.14
81.43,3,Suburban,191959.99
163.2,6,City Center,545161.73
157.71,7,Rural,225708.54
139.49,6,Suburban,339793.42
162.88,6,City Center,555122.58
84.83,3,Suburban,199525.38
133.94,5,City Center,446026.41
114.99,5,Downtown,450931.58
153.88,7,City Center,525446.85
115.39,4,Downtown,450928.61
104.6,4,City Center,355484.85
141.64,5,City Center,470087.02
155.05,7,Suburban,380991.53
93.27,4,City Center,315364.58
117.56,4,Suburban,270533.95
77.66,3,City Center,253594.12
30.0,1,Industrial,50674.0
128.02,5,Rural,170412.39
144.36,5,Suburban,339763.43
130.48,6,Suburban,319035.34
42.02,2,Downtown,167100.36
105.97,4,Industrial,190970.03
31.27,1,Downtown,128830.31
174.79,7,Industrial,338292.07
76.56,3,Industrial,136884.73
170.22,7,City Center,571541.43
157.83,6,Downtown,615464.75
83.98,4,Rural,125768.39
74.69,3,Industrial,145645.9
134.01,5,Industrial,255338.21
86.23,3,Suburban,198541.08
124.1,4,City Center,405231.16
100.69,5,Rural,159351.9
48.75,2,Industrial,91394.5
30.78,1,Suburban,62942.56
129.07,5,Downtown,508602.79
97.54,4,Industrial,185527.54
97.88,5,Suburban,247725.81
147.83,5,Downtown,570584.94
166.94,7,City Center,566914.07
109.1,4,Downtown,416797.74
106.38,5,Industrial,205517.08
140.01,6,Rural,196285.72
65.72,2,Downtown,240807.02
128.93,5,Rural,172401.12
142.08,5,Rural,186798.44
147.21,6,Downtown,580122.23
42.53,2,City Center,144302.68
89.55,3,Downtown,342011.26
84.87,3,Suburban,207181.94
124.0,5,Rural,182688.48
139.23,5,Industrial,266828.67
179.87,8,Rural,262603.42
100.2,4,Industrial,198919.07
100.1,4,Suburban,239683.2
165.99,6,Suburban,395947.76
131.86,5,Suburban,320461.16
170.71,7,Downtown,671195.21
131.55,5,Rural,182963.12
73.72,3,Industrial,141196.0
66.67,3,Suburban,168744.73
57.94,3,Suburban,142348.02
146.48,6,Industrial,280428.11
167.54,7,Rural,230709.87
193.97,8,Rural,266183.49
153.72,6,Industrial,289333.32
166.51,7,City Center,559839.63
96.8,4,Rural,140350.35
73.74,2,Industrial,121178.05
154.0,7,Industrial,303205.76
136.71,5,Suburban,322628.46
124.3,5,Industrial,244020.66
135.49,5,Downtown,533826.01
132.93,6,Suburban,325950.84
171.35,8,Suburban,422933.35
171.8,6,Rural,231017.42
141.77,5,City Center,484108.44
153.83,5,Rural,208445.11
140.56,6,Downtown,560915.76
101.55,4,Suburban,252441.42
150.26,7,Suburban,374618.17
64.22,3,Industrial,132983.3
162.16,7,City Center,553085.99
72.22,3,City Center,245776.25
131.43,5,Industrial,241703.2
86.19,3,Downtown,335005.45
142.14,6,City Center,477448.68
118.64,4,Suburban,272729.98
56.21,3,Downtown,220922.17
136.83,5,Rural,189887.99
96.88,4,Rural,137116.17
155.25,6,Downtown,596448.54
120.05,5,Suburban,281752.06
135.82,6,Rural,198943.84
81.7,3,Suburban,183881.48
96.43,4,Industrial,190093.07
101.65,4,City Center,354428.36
154.27,6,Downtown,591685.35
187.1,7,City Center,638196.25
87.79,4,Industrial,179240.69
163.07,7,Rural,239351.93
33.21,1,Suburban,78356.81
72.23,4,Suburban,174947.85
81.65,3,Industrial,142924.29
65.9,3,Downtown,254717.78
56.66,2,City Center,193355.39
136.52,5,Rural,183726.96
111.44,5,Downtown,434427.52
135.18,6,Industrial,258435.32
147.62,6,Industrial,290945.36
130.62,6,Suburban,329406.36
146.31,6,Rural,205500.53
117.22,5,Downtown,457677.48
72.52,2,Suburban,173489.53
162.31,6,Rural,220901.57
96.44,4,City Center,334235.54
82.58,3,City Center,274060.44
112.88,5,Suburban,281745.57
83.49,3,Downtown,320119.47
103.3,5,Rural,153297.78
133.76,6,City Center,453232.47
133.93,5,City Center,445216.01
84.09,3,Downtown,315697.79
100.49,5,Suburban,256067.57
162.97,8,Industrial,316880.98
139.86,6,Rural,197201.0
203.0,8,City Center,698474.8
167.21,6,Industrial,308837.69
165.77,6,Downtown,641181.03
64.49,2,Suburban,140814.52
150.55,6,Rural,202358.41
117.88,5,Downtown,461646.05
97.96,4,Suburban,244808.46
126.72,5,Downtown,501799.15
157.81,7,City Center,551475.38
140.03,5,City Center,464443.79
84.86,3,Industrial,166740.57
149.7,6,Downtown,585777.25
94.5,4,City Center,332948.49
128.67,5,Suburban,298593.65
107.87,5,Industrial,220403.0
111.25,4,Rural,155104.35
150.65,6,Downtown,588304.02
78.39,3,City Center,257623.75
197.81,8,Suburban,468744.61
47.16,2,Downtown,193329.95
96.09,4,Suburban,229883.59
134.81,6,Industrial,256161.71
143.37,6,City Center,490776.7
115.98,5,City Center,395952.91
117.7,5,Industrial,232956.56
136.42,5,Suburban,320803.01
110.76,3,Downtown,413891.27
175.73,7,Suburban,426241.5
153.57,6,Downtown,595414.88
154.91,6,Industrial,301775.46
81.35,3,Rural,114538.73
116.82,4,Downtown,452188.62
107.98,5,City Center,365210.09
79.78,2,City Center,249805.83
134.41,6,City Center,457196.7
98.49,4,Suburban,233056.34
146.22,6,Suburban,354168.31
77.19,3,Suburban,187124.67
188.76,7,City Center,634075.87
84.15,4,Downtown,324998.43
128.77,6,City Center,448596.28
151.67,6,Downtown,585533.3
97.17,4,Suburban,224685.77
154.1,6,Rural,219190.75
70.83,3,Suburban,163668.31
178.08,8,Industrial,338598.06
120.57,5,Downtown,480406.9
96.14,4,Rural,137763.54
108.03,4,Suburban,263968.46
152.36,6,Rural,208845.77
96.62,2,City Center,307721.36
90.03,4,Downtown,354454.92
111.14,4,Industrial,198312.8
72.92,2,City Center,234428.55
192.82,8,Rural,268200.76
97.34,3,Suburban,226273.43
153.26,6,Downtown,588550.35
128.38,6,Industrial,255989.21
80.62,3,Suburban,186228.28
119.76,4,Industrial,216436.72
151.36,6,Downtown,597590.39
112.47,5,Rural,155775.55
167.72,6,Industrial,320342.78
160.86,7,Downtown,639546.15
156.76,7,Industrial,311039.89
101.61,3,Suburban,241270.46
76.81,3,Industrial,144279.45
95.46,4,Suburban,228111.99
127.85,5,Suburban,314402.28
141.83,6,Downtown,565677.14
33.14,2,City Center,123544.43
119.68,5,Industrial,237412.21
126.32,5,Rural,177902.57
108.9,4,Suburban,264769.46
171.65,7,City Center,575539.86
136.87,6,Suburban,342745.41
172.41,7,City Center,583446.03
111.36,3,City Center,368281.74
157.5,7,Rural,226886.1
185.4,8,City Center,630560.97
172.47,7,Rural,247306.74
76.31,3,Downtown,289705.18
109.85,5,Suburban,262243.91
106.19,3,Rural,140089.41
139.57,6,Suburban,337897.36
147.45,5,Industrial,277379.21
86.44,4,Downtown,334311.03
122.71,5,Industrial,225430.31
39.2,2,Industrial,87561.36
177.68,7,City Center,594228.4
99.51,3,City Center,337030.09
122.23,5,Industrial,231360.84
107.61,5,City Center,376634.03
165.84,7,Suburban,407459.21
30.0,1,City Center,109794.0
119.34,5,Industrial,237754.38
115.77,4,City Center,397028.75
101.85,4,City Center,350588.63
189.05,7,Rural,268530.06
84.51,3,Rural,105839.82
150.87,6,Industrial,289143.77
134.25,5,Suburban,311836.22
170.46,6,Downtown,654769.7
93.31,4,Downtown,376061.53
90.68,5,Industrial,179408.87
163.84,6,Suburban,382398.59
137.01,7,Suburban,339126.7
58.2,3,Suburban,138836.01
98.43,4,Rural,129443.8
135.46,5,Industrial,260207.96
153.51,6,Downtown,595793.99
92.83,4,Suburban,216101.55
30.0,1,Industrial,62522.0
140.93,6,Downtown,557885.25
71.19,4,Rural,106430.17
39.31,1,City Center,120222.34
30.0,1,Downtown,119986.0
152.56,5,Downtown,586291.32
125.14,5,Downtown,492046.44
110.97,5,City Center,378871.23
175.56,7,Suburban,418167.95
145.49,6,City Center,493084.96
184.65,7,Downtown,709703.01
64.29,3,Rural,97724.58
118.62,5,Downtown,473624.91
55.33,2,Rural,71434.47
110.82,5,Industrial,208437.06
110.06,5,Rural,158282.37
145.06,6,Downtown,566734.91
121.82,5,City Center,419688.67
144.94,7,Downtown,581385.0
148.14,6,Downtown,570427.62
206.2,8,Industrial,383251.72
107.39,5,Suburban,267319.27
82.36,2,Downtown,316865.82
129.84,6,Industrial,252480.02
87.91,4,City Center,297051.4
179.28,7,Industrial,337616.65
108.67,4,Industrial,196751.92
97.38,4,Rural,139684.95
101.15,4,Suburban,244363.74
148.74,6,Suburban,360962.39
113.69,5,City Center,398859.36
94.33,4,Industrial,184847.99
186.61,7,City Center,638262.23
85.75,3,City Center,279936.62
121.42,5,Suburban,284589.29
146.09,6,Suburban,353359.49
54.75,2,Suburban,130043.19
139.21,5,Downtown,536659.47
77.8,2,Industrial,127870.54
152.91,6,City Center,509494.93
81.49,4,Industrial,157018.94
147.71,5,City Center,489590.28
164.23,7,City Center,562434.97
154.46,6,City Center,531689.38
130.05,5,City Center,450103.0
110.75,4,Rural,147926.96
96.94,3,Rural,131792.22
178.84,8,Downtown,700388.86
92.02,3,Suburban,207004.38
78.52,3,City Center,264774.07
146.61,6,Industrial,282733.14
88.15,3,Rural,118221.53
82.0,3,Suburban,191218.92
62.26,2,Downtown,238367.4
100.68,4,Suburban,246493.21
116.69,5,City Center,393175.2
129.72,5,Suburban,303344.34
158.05,8,City Center,547834.75
141.08,6,Rural,192918.92
112.37,4,Rural,160687.11
112.07,4,City Center,382174.52
140.41,6,Industrial,267692.45
170.9,7,Rural,232368.81
125.05,6,Industrial,254697.85
101.23,3,City Center,324043.3
80.29,3,City Center,272635.08
62.19,3,Rural,99951.79
146.65,6,Industrial,287064.18
143.12,6,City Center,483081.42
143.09,6,Rural,201283.54
114.85,4,City Center,384894.87
176.28,8,Suburban,423106.78
100.64,5,Suburban,244761.52
158.21,6,Rural,208999.77
118.45,4,City Center,386523.85
95.67,3,Rural,116217.97
143.7,6,Downtown,572760.24
136.39,5,Rural,180596.44
134.28,5,Rural,183101.91
123.25,5,Suburban,303155.27
118.48,5,Suburban,277828.55
215.53,8,City Center,716894.64
167.37,6,Rural,227019.27
148.91,6,Rural,213257.08
124.47,5,City Center,419285.9
160.29,6,Industrial,291058.43
140.72,6,City Center,479166.37
121.05,5,Suburban,298282.38
107.86,4,Suburban,251657.85
116.76,4,Rural,163621.31
30.0,1,Suburban,64080.0
128.42,5,City Center,438244.1
100.46,3,Rural,122220.96
183.71,7,City Center,622394.4
120.77,5,City Center,407029.29
72.44,2,Rural,94607.46
118.0,5,Industrial,220405.19
78.16,4,Suburban,201240.31
138.94,5,Downtown,536792.04
131.64,6,Downtown,525437.63
158.31,6,Downtown,607658.55
88.36,4,Suburban,217336.46
121.36,5,Industrial,235058.49
65.4,3,City Center,226013.38
148.06,6,Rural,215951.79
140.75,5,Industrial,257963.27
139.83,5,Downtown,537607.7
120.06,4,Suburban,273576.52
136.59,6,Suburban,336861.83
184.17,8,Rural,259757.56
108.6,5,City Center,369579.69
125.55,5,Industrial,237670.71
76.55,2,Industrial,142049.42
85.27,3,Industrial,162602.34
123.91,6,City Center,431927.6
164.16,6,City Center,547807.03
109.75,4,City Center,365506.3
110.56,4,Rural,156168.34
103.72,4,Suburban,256008.18
98.61,4,Downtown,384707.07
131.8,6,City Center,448184.57
60.11,3,Suburban,151232.39
171.24,7,City Center,586081.75
93.38,4,Downtown,363561.88
148.88,6,City Center,503940.42
69.2,2,Suburban,163312.11
146.75,5,Rural,191369.61
146.88,6,Downtown,565067.25
135.37,6,Suburban,321092.17
80.22,3,Industrial,142027.29
129.98,5,Industrial,237562.89
72.68,3,Industrial,138550.63
109.89,4,Rural,147810.47
161.18,7,City Center,545220.57
151.87,5,City Center,504878.23
120.61,3,City Center,400262.95
81.01,3,Rural,103911.74
145.82,5,Industrial,270122.26
120.78,5,City Center,413934.75
30.0,1,Rural,36937.0
151.31,7,Rural,230069.19
119.03,5,Suburban,286269.37
168.1,7,City Center,580077.15
76.19,3,Industrial,142798.77
30.0,1,Downtown,107070.0
131.16,5,Rural,188477.35
131.66,6,Suburban,326071.09
52.37,2,Downtown,207076.97
80.86,3,Rural,113704.02
230.21,8,Suburban,548245.42
107.78,4,City Center,365554.73
149.24,6,Suburban,368262.72
93.97,5,Rural,151878.61
36.39,1,City Center,112261.65
113.19,4,Industrial,218355.51
109.38,5,Suburban,277703.64
104.0,4,Downtown,405002.05
115.41,5,City Center,394526.1
130.57,5,City Center,445267.19
114.0,4,Industrial,205932.98
69.44,3,Suburban,163641.51
139.45,6,Downtown,539818.87
42.03,2,Industrial,78091.69
37.99,1,Suburban,89247.4
149.57,5,Downtown,569266.27
140.28,6,Downtown,557453.84
117.7,5,Rural,175729.19
64.18,4,Downtown,257599.21
91.68,3,Suburban,208780.12
109.49,5,Industrial,211655.2
56.16,2,Industrial,102988.36
90.44,4,Rural,131076.85
146.09,6,Suburban,349096.43
177.09,6,Downtown,680304.75
103.22,4,Rural,145251.61
150.26,6,City Center,509593.6
43.44,1,Suburban,90632.19
146.38,6,Rural,201174.05
87.84,4,Industrial,165055.1
132.29,5,Rural,176125.82
110.09,5,City Center,372880.71
172.82,7,Suburban,413986.12
85.02,3,Rural,115296.57
145.1,5,Downtown,556092.88
108.82,5,Suburban,268707.4
113.67,5,Rural,157013.78
112.65,5,Rural,156699.84
86.17,3,Suburban,208338.15
119.44,5,Industrial,223354.06
117.49,5,Downtown,465720.25
129.65,4,Suburban,297826.22
123.38,4,Downtown,476075.72
151.92,6,Downtown,592254.24
156.94,7,Suburban,391824.69
77.98,3,Rural,105497.07
154.75,6,Industrial,295299.35
72.55,2,Downtown,268076.9
143.51,6,Downtown,564737.82
144.79,6,Rural,199641.55
43.55,3,Suburban,113807.65
123.72,5,Industrial,228761.75
101.26,5,Downtown,402442.54
89.65,4,Downtown,358047.86
174.03,6,Suburban,416861.19
93.85,3,Rural,118150.83
87.74,3,City Center,302152.77
123.03,6,Rural,178626.8
147.42,6,Downtown,565985.56
114.33,4,Downtown,443609.2
166.65,6,Industrial,311271.23
141.24,6,Rural,202279.03
32.87,1,City Center,111878.64
98.82,4,Industrial,194641.98
97.53,3,City Center,317739.95
139.17,6,Industrial,259725.66
30.0,1,Rural,45942.0
221.96,8,Downtown,866341.36
141.24,6,City Center,490178.13
125.96,5,Rural,171556.07
167.26,6,City Center,565972.13
213.75,8,Rural,286693.16
154.83,6,Industrial,292751.8
157.95,6,Rural,220041.52
125.23,5,Industrial,234079.4
114.34,6,Downtown,463342.39
100.97,4,Industrial,183863.27
86.96,4,Suburban,219585.04
92.52,4,Downtown,362126.03
65.98,2,Rural,86380.76
116.97,5,Rural,159889.14
52.61,2,Suburban,118063.59
127.64,5,Rural,168212.66
118.55,5,Downtown,469554.71
125.88,5,Downtown,489533.94
99.11,4,Industrial,187063.11
243.07,8,City Center,817362.24
174.4,6,Rural,232775.64
70.22,3,Suburban,179225.6
129.31,6,Downtown,509484.53
95.68,4,Downtown,380537.14
79.42,3,Downtown,304111.84
66.4,4,City Center,243375.35
137.29,5,City Center,464831.0
92.74,3,Rural,123237.79
158.71,7,Suburban,396798.08
159.75,6,City Center,530372.87
174.96,7,Industrial,324648.86
85.9,3,City Center,285713.59
139.01,6,Downtown,544616.19
145.3,6,Suburban,350699.34
101.03,3,Rural,140317.87
89.13,3,City Center,288472.37
184.38,7,Downtown,721889.89
129.1,5,Industrial,247213.75
145.44,5,Industrial,261690.07
87.12,4,Rural,134738.96
71.23,3,Rural,96062.62
97.22,4,City Center,333674.03
115.04,4,Rural,158001.14
77.43,3,Downtown,305470.2
119.61,4,Downtown,463209.73
52.46,2,Downtown,201621.27
75.2,3,City Center,263951.31
146.84,7,City Center,519137.35
144.15,6,Rural,204000.62
104.32,5,City Center,361578.79
79.29,3,Downtown,311280.0
78.9,3,Suburban,192918.72
105.07,4,Downtown,404963.45
145.78,6,Suburban,349375.48
157.13,6,Rural,218731.83
100.14,4,Industrial,192492.1
73.86,4,City Center,269346.91
130.71,6,City Center,457651.24
87.06,4,Downtown,335828.1
99.27,4,Downtown,389965.63
173.01,7,Suburban,408265.09
153.08,6,City Center,511842.85
126.32,5,Rural,176288.97
69.12,3,Downtown,279444.34
128.46,5,City Center,439997.59
162.51,7,Industrial,315473.44
104.97,4,Suburban,249698.31
174.04,7,Downtown,673656.97
171.71,7,Downtown,680141.34
186.55,7,Rural,265718.31
132.21,5,Downtown,504440.04
143.5,5,City Center,489472.0
176.57,8,City Center,608268.47
137.9,6,City Center,465299.27
99.95,4,Industrial,196763.95
102.06,4,Industrial,187384.43
129.54,5,Downtown,511256.69
68.38,3,Industrial,138112.31
114.27,5,Industrial,227371.47
163.86,6,Rural,222906.88
32.35,1,Industrial,49915.77
181.38,8,Suburban,443337.57
164.89,6,Suburban,388242.94
101.61,4,Suburban,241226.83
141.74,6,Downtown,562022.72
120.13,5,City Center,405802.73
169.2,7,Rural,243356.61
159.31,6,Downtown,624596.64
64.0,2,City Center,210347.51
143.49,5,Rural,186295.5
111.77,5,Rural,167221.89
123.31,6,Rural,174536.3
90.87,5,Suburban,225088.25
189.93,8,Suburban,466722.97
161.6,6,Suburban,382060.95
90.41,2,Rural,118039.15
66.62,2,Rural,82676.58
104.57,4,Suburban,252678.19
137.38,6,Rural,206474.11
129.61,6,Suburban,310096.47
170.13,7,Suburban,417068.63
151.6,6,Suburban,359317.58
158.78,6,City Center,531532.28
133.07,5,Rural,191442.22
64.43,3,Downtown,258721.18
112.17,5,Suburban,274328.12
162.4,6,Downtown,621210.56
117.94,5,City Center,401420.25
140.12,6,Rural,203406.61
107.25,4,Suburban,256204.13
78.81,3,Suburban,190935.05
115.07,5,Suburban,271625.47
132.36,5,Downtown,522329.64
93.77,5,City Center,337024.47
110.57,5,Rural,168580.55
82.42,3,City Center,286665.41
164.77,7,Suburban,407770.59
108.22,4,City Center,357911.31
178.11,7,Downtown,699310.78
181.15,7,Industrial,333040.87
116.76,5,Industrial,233471.24
79.66,4,Rural,126269.05
36.56,2,Rural,48590.08
61.12,3,City Center,204902.55
65.05,2,Rural,90335.61
175.14,8,Downtown,686763.75
124.63,5,Suburban,305383.97
135.58,5,Suburban,317679.36
31.18,1,City Center,101306.48
72.08,3,Suburban,165685.69
155.48,6,City Center,534805.57
131.47,6,Rural,194190.96
114.11,5,Rural,167685.79
142.59,5,Downtown,551872.93
185.43,7,Suburban,447863.82
111.16,4,Downtown,434916.06
122.77,4,Industrial,233167.19
127.7,5,Downtown,499396.57
215.68,8,City Center,735530.16
36.03,2,City Center,137637.25
147.33,6,Downtown,573135.22
115.41,5,Rural,167815.91
142.67,5,Industrial,273960.3
93.71,4,Downtown,375417.84
118.04,5,Rural,176571.4
148.46,5,Downtown,560302.48
244.52,8,Suburban,577774.82
152.32,6,City Center,520489.34
86.08,4,Suburban,222072.75
